,X,KNN_Density,Mode
0,95.795,0.20290560831101395,96.882
1,235.536,0.004900490036752453,207.019
2,125.419,0.10432733075603166,123.592
3,194.497,0.10644837652919761,196.009
4,124.638,0.15152063839887506,123.592
5,122.183,0.1354630105380741,123.592
6,103.415,0.2193836416587616,104.021
7,259.269,0.0007205721872931774,207.019
8,179.066,0.10305851920366622,179.066
9,142.15,0.12691564894065263,140.149
10,105.536,0.19135840740817261,104.021
11,179.947,0.09363450184197787,179.066
12,79.904,0.04009617307689532,79.31
13,185.323,0.08214820176354096,179.066
14,212.188,0.06435269808983149,207.019
15,196.992,0.08836657566087572,196.009
16,165.37,0.060546996093992396,171.342
17,173.559,0.0983928124444088,171.342
18,140.067,0.15081534546140202,140.149
19,248.482,0.001427655371462821,207.019
20,182.151,0.0918830428098713,179.066
21,97.083,0.20456084774924793,96.882
22,198.788,0.09467455621301775,196.009
23,205.062,0.09272432982563261,207.019
24,202.448,0.06663168059224386,196.009
25,97.245,0.20869328577352617,96.882
26,229.479,0.011863696425756524,207.019
27,141.936,0.11680228969864413,140.149
28,131.982,0.0728883373995304,123.592
29,139.252,0.13300412153171898,140.149
30,185.925,0.07501987464028866,179.066
31,189.363,0.0732042128146025,196.009
32,173.825,0.08509780801662212,171.342
33,79.27,0.04894666771086203,79.31
34,181.057,0.0976562500000007,179.066
35,177.032,0.0758903839294513,179.066
36,90.376,0.13368581827418297,94.192
37,99.979,0.15234975115191673,96.882
38,230.221,0.010367846959298667,207.019
39,108.743,0.13407771492959292,104.021
40,121.075,0.12995323243071275,123.592
41,82.152,0.04300763764035323,94.192
42,99.145,0.15987207675906168,96.882
43,74.826,0.0380725758477097,79.31
44,119.399,0.1342743097931223,119.836
45,152.23,0.12530346933980582,152.892
46,162.055,0.05518139808583442,152.892
47,71.727,0.022935985503906735,79.31
48,80.435,0.03739821934362301,79.31
49,206.5,0.08921319670153761,207.019
50,89.872,0.1156138732485797,94.192
51,86.654,0.06025012477800848,94.192
52,96.31,0.2075539251041674,96.882
53,209.599,0.10412543950046325,207.019
54,226.562,0.017367821844495923,207.019
55,108.23,0.139229226999331,104.021
56,199.459,0.08665804881257286,196.009
57,136.767,0.09050612473047363,140.149
58,155.139,0.13447133736720412,152.892
59,178.917,0.10090915108763944,179.066
60,132.986,0.07846275765208074,140.149
61,93.057,0.16444241851384914,94.192
62,187.365,0.08430895657886452,179.066
63,75.336,0.04267070661538056,79.31
64,71.862,0.023903416429257907,79.31
65,214.381,0.058998132650103764,207.019
66,203.049,0.06344815334149703,207.019
67,132.745,0.08348276051776417,140.149
68,233.124,0.0067462442393399,207.019
69,120.36,0.155122429601951,119.836
70,200.713,0.0637690031629423,196.009
71,89.209,0.10763910416709709,94.192
72,191.589,0.08820917641826514,196.009
73,92.186,0.150114965546365,94.192
74,225.347,0.020228598946401645,207.019
75,178.296,0.07988851398096879,179.066
76,105.55,0.18903591682419707,104.021
77,106.173,0.1849924846803094,104.021
78,113.225,0.15885419107395118,116.037
79,210.719,0.09099822780951353,207.019
80,196.297,0.1018127142903113,196.009
81,138.247,0.10964431384588527,140.149
82,126.513,0.08252622002431016,123.592
83,131.157,0.06735998502991762,123.592
84,99.175,0.15610460319692965,96.882
85,170.808,0.10986247525210446,171.342
86,105.357,0.22313016365035498,104.021
87,168.487,0.06625489250971907,171.342
88,104.925,0.2278410353096647,104.021
89,158.482,0.075806827223505,152.892
90,193.75,0.10399117073364009,196.009
91,105.037,0.23203062061693988,104.021
92,121.977,0.1296726064933038,123.592
93,117.339,0.11421156161353958,116.037
94,222.799,0.024330355030243715,207.019
95,218.468,0.050498674409797,207.019
96,81.808,0.042424968791132514,94.192
97,89.479,0.10806413476721462,94.192
98,72.942,0.029502281175385017,79.31
99,201.778,0.06980205881172477,196.009
100,213.088,0.07020955304879364,207.019
101,70.495,0.018350669700350493,79.31
102,179.586,0.09537758268187267,179.066
103,100.493,0.13156078851747915,96.882
104,182.274,0.08686249120408694,179.066
105,181.543,0.09255515060620349,179.066
106,210.264,0.09602892544880776,207.019
107,140.73,0.14369789873436892,140.149
108,206.791,0.10651787114234927,207.019
109,71.958,0.024629095670835485,79.31
110,181.784,0.09072434315575438,179.066
111,187.667,0.07939405819632073,179.066
112,74.91,0.03935198147655014,79.31
113,212.977,0.06810029593664625,207.019
114,92.223,0.15116737493620705,94.192
115,142.5,0.1300469768694549,140.149
116,134.942,0.08489956042403654,140.149
117,153.39,0.16232912424735738,152.892
118,104.575,0.23025261474869238,104.021
119,114.122,0.14069533887597965,116.037
120,80.087,0.03731158257114777,79.31
121,197.705,0.07724629920705194,196.009
122,139.727,0.14435380308755408,140.149
123,177.795,0.0674650025299378,179.066
124,76.08,0.041939818960061166,79.31
125,192.007,0.0842111219986736,196.009
126,177.341,0.0693981019341521,179.066
127,131.295,0.06896140809264806,123.592
128,154.317,0.13061157957856645,152.892
129,121.565,0.14556801439842398,123.592
130,104.021,0.2566289832667628,104.021
131,144.841,0.09205038175134203,140.149
132,99.615,0.14490382660576315,96.882
133,97.901,0.22062192880486128,96.882
134,90.366,0.1327135610034468,94.192
135,163.455,0.05000304018484369,152.892
136,232.967,0.006923657892536576,207.019
137,218.699,0.04792342067408735,207.019
138,108.22,0.14027409558276857,104.021
139,128.303,0.09455814115336753,123.592
140,180.341,0.0930640828106549,179.066
141,245.448,0.0018212991405449604,207.019
142,196.062,0.1143661103937162,196.009
143,106.87,0.20567561869797082,104.021
144,191.943,0.08742845292554811,196.009
145,174.832,0.08655609817573497,171.342
146,113.996,0.14713565863585537,116.037
147,87.866,0.06544382266268513,94.192
148,119.149,0.1172827922687182,119.836
149,145.473,0.08942675305052572,140.149
150,94.192,0.222919514463462,94.192
151,117.487,0.11608705368155561,116.037
152,173.545,0.09907533976153823,171.342
153,160.805,0.0591416978303988,152.892
154,106.199,0.1870786987703695,104.021
155,190.012,0.08038760329907568,196.009
156,181.188,0.09166063310549107,179.066
157,93.24,0.1602563075280074,94.192
158,89.869,0.11545678919980265,94.192
159,91.775,0.1517568357728506,94.192
160,83.79,0.04441478523785801,94.192
161,138.702,0.12557002512907317,140.149
162,78.33,0.04634774014212543,79.31
163,80.767,0.03523989505700214,94.192
164,101.022,0.1565991917289317,104.021
165,182.757,0.07798145928420275,179.066
166,169.379,0.07028402618389257,171.342
167,83.324,0.043438969377437874,94.192
168,195.055,0.10425996847804248,196.009
169,124.125,0.14976660372475498,123.592
170,139.942,0.1528265888921976,140.149
171,84.855,0.041581397081717576,94.192
172,208.058,0.10637894990359922,207.019
173,108.586,0.13891804238361763,104.021
174,140.037,0.15069827552949422,140.149
175,113.005,0.17188793456707732,116.037
176,114.047,0.14154353794300992,116.037
177,94.84,0.20774316961232583,96.882
178,82.58,0.043294473945299033,94.192
179,170.397,0.08948026195167783,171.342
180,150.873,0.10735714199828426,152.892
181,193.032,0.09380665042248248,196.009
182,200.556,0.06639153571655487,196.009
183,193.795,0.10103749339720068,196.009
184,203.989,0.073164616216103,207.019
185,198.898,0.09531869854517905,196.009
186,166.595,0.057425294429533924,171.342
187,162.114,0.05674337084221442,152.892
188,226.5,0.01765515651684661,207.019
189,140.008,0.1541494963396435,140.149
190,122.128,0.1342743097931223,123.592
191,115.821,0.18076958674626253,116.037
192,216.42,0.055756200437964594,207.019
193,216.196,0.055808900057365864,207.019
194,188.703,0.07997891116070509,196.009
195,211.342,0.08011479488729742,207.019
196,172.619,0.09007204322305187,171.342
197,153.965,0.12948602722754524,152.892
198,211.333,0.08052453034872915,207.019
199,157.569,0.0877914951989026,152.892
200,58.928,0.003916033966112206,79.31
201,176.073,0.09970200069013715,179.066
202,204.893,0.08894732530500658,207.019
203,155.055,0.14315472061996293,152.892
204,138.092,0.11193042941773422,140.149
205,149.31,0.0812144417794383,152.892
206,167.985,0.06367249314549712,171.342
207,70.509,0.018420472483645593,79.31
208,72.416,0.028572199204458575,79.31
209,175.951,0.09614806802475848,179.066
210,209.177,0.10001756308407718,207.019
211,119.944,0.15282658889219589,119.836
212,127.019,0.08485010677113221,123.592
213,137.461,0.10863476947050167,140.149
214,150.99,0.11421156161353958,152.892
215,161.555,0.06293980764084171,152.892
216,120.241,0.15561235406478963,119.836
217,166.642,0.05761843642462399,171.342
218,118.126,0.11405732589633957,116.037
219,146.35,0.0806618075456049,140.149
220,106.084,0.1737558775097515,104.021
221,64.705,0.008210632545817626,79.31
222,111.374,0.13912538271653746,116.037
223,171.099,0.10312472027419786,171.342
224,182.896,0.07432610011547278,179.066
225,141.551,0.13014082278151623,140.149
226,115.16,0.1823166022602885,116.037
227,129.248,0.08177277488306631,123.592
228,107.867,0.15709613450822263,104.021
229,189.078,0.07626810404586236,196.009
230,92.138,0.14468344058958027,94.192
231,170.979,0.11155689245335473,171.342
232,121.12,0.1279162343097941,123.592
233,165.607,0.06069625524134932,171.342
234,117.049,0.11923476084368602,116.037
235,147.577,0.08430895657886452,152.892
236,156.692,0.10610192150579895,152.892
237,141.327,0.1295792664880554,140.149
238,114.683,0.15585818712926366,116.037
239,204.563,0.08224246245775403,207.019
240,76.851,0.040696978074380843,79.31
241,95.292,0.20019118257936339,96.882
242,63.09,0.0066682441064925034,79.31
243,219.433,0.0429363739613907,207.019
244,122.298,0.1387111652084653,123.592
245,193.288,0.09160515685734207,196.009
246,124.679,0.15366645865350356,123.592
247,165.214,0.056153275982120825,171.342
248,103.685,0.21533045149412397,104.021
249,193.13,0.0923864339760354,196.009
250,108.525,0.13850474981263647,104.021
251,122.294,0.13912538271653746,123.592
252,111.547,0.15081534546140038,116.037
253,125.482,0.1087064164723277,123.592
254,144.825,0.09295062462819743,140.149
255,100.584,0.13576265212883998,96.882
256,148.031,0.0982694745531197,152.892
257,107.947,0.14907350814686682,104.021
258,97.87,0.2193836416587616,96.882
259,121.695,0.14358901607206262,123.592
260,172.031,0.08958742393243774,171.342
261,158.778,0.07551546288600089,152.892
262,108.791,0.13646569409386092,104.021
263,113.534,0.1656493312984978,116.037
264,92.658,0.15439186972414012,94.192
265,125.981,0.09177173689299903,123.592
266,130.921,0.06567883940761934,123.592
267,112.052,0.17521355466076002,116.037
268,103.651,0.21255968410230047,104.021
269,122.224,0.13964576895663364,123.592
270,223.972,0.023822319230941108,207.019
271,116.954,0.12191411004650377,116.037
272,102.098,0.15152063839887506,104.021
273,162.782,0.05538938432539074,152.892
274,101.52,0.14556801439842398,104.021
275,204.179,0.07793792462529812,207.019
276,109.075,0.14446355697303195,104.021
277,88.287,0.08002416729852431,94.192
278,141.562,0.1291140747381972,140.149
279,122.554,0.14679761013490705,123.592
280,103.406,0.21754566718645754,104.021
281,129.289,0.08372449417009518,123.592
282,166.064,0.057315363285692825,171.342
283,148.066,0.09614806802475848,152.892
284,178.778,0.10213835845885942,179.066
285,145.649,0.09094335174996822,140.149
286,77.07,0.03916529513066898,79.31
287,178.359,0.08252622002431083,179.066
288,206.875,0.10090915108763944,207.019
289,216.292,0.053361106722159886,207.019
290,152.892,0.1726027931619591,152.892
291,124.798,0.14623677928117368,123.592
292,157.625,0.08494905732455775,152.892
293,108.377,0.13799072260773687,104.021
294,189.597,0.08011479488729871,196.009
295,158.495,0.07635242477358262,152.892
296,69.468,0.016244389431556226,79.31
297,142.47,0.12874372261701428,140.149
298,170.232,0.09034297717511794,171.342
299,184.138,0.09888849333491512,179.066
300,113.162,0.16714257729842605,116.037
301,112.821,0.18200561450919508,116.037
302,149.139,0.07530837272463377,152.892
303,92.812,0.16259105098855306,94.192
304,145.257,0.09072434315575592,140.149
305,106.778,0.2143347050754465,104.021
306,117.455,0.11359648868709618,116.037
307,154.361,0.1322314049586777,152.892
308,185.167,0.08681131283359389,179.066
309,126.724,0.0820071142811779,123.592
310,108.487,0.14058985034069824,104.021
311,108.938,0.13329563732709682,104.021
312,142.642,0.13717421124828647,140.149
313,74.908,0.039320774513878366,79.31
314,76.664,0.043366631389357466,79.31
315,95.098,0.17893902044485607,96.882
316,111.603,0.15647532446723386,116.037
317,117.143,0.11367310071573178,116.037
318,147.525,0.08554641187979686,152.892
319,99.869,0.14348025711662069,96.882
320,125.164,0.11752415620887745,123.592
321,211.523,0.0734026788014017,207.019
322,189.977,0.08200711428117859,196.009
323,142.033,0.1224265330617746,140.149
324,95.783,0.2051170972484775,96.882
325,167.054,0.06129884529526105,171.342
326,139.002,0.12791623430979282,140.149
327,109.97,0.12302845365167527,116.037
328,72.017,0.025091603799862427,79.31
329,217.708,0.0509326766277737,207.019
330,173.612,0.09531869854517905,171.342
331,201.504,0.06888902666694215,196.009
332,193.739,0.1045974337647221,196.009
333,90.654,0.13042297082398965,94.192
334,208.809,0.08758376620879965,207.019
335,143.231,0.11825273542227455,140.149
336,212.555,0.06694235760942215,207.019
337,111.531,0.14895846010319017,116.037
338,141.524,0.1327135610034468,140.149
339,140.495,0.13686988696874094,140.149
340,206.882,0.10123046644265708,207.019
341,145.231,0.09210626299561873,140.149
342,154.844,0.13466879892265016,152.892
343,234.021,0.006094941600128547,207.019
344,216.793,0.05789604833995802,207.019
345,144.122,0.10412543950046516,140.149
346,158.557,0.07543252443768556,152.892
347,144.955,0.0863020073156473,140.149
348,183.703,0.08847174265622634,179.066
349,114.441,0.13697121577294794,116.037
350,108.688,0.13707265714386432,104.021
351,118.173,0.11514358001425226,116.037
352,139.495,0.15354605398925023,140.149
353,177.993,0.06987588435792635,179.066
354,147.221,0.08191325779183484,140.149
355,86.774,0.06019101256692057,94.192
356,144.036,0.10906571689332037,140.149
357,211.534,0.07296711430531957,207.019
358,138.779,0.13014082278151623,140.149
359,254.065,0.0009735786326617922,207.019
360,133.12,0.07518452726487973,140.149
361,220.698,0.03977693729993179,207.019
362,77.702,0.04164931278633917,79.31
363,132.231,0.07957332781624855,140.149
364,92.653,0.15378700499807801,94.192
365,99.869,0.14348025711662069,96.882
366,113.469,0.17203055056141292,116.037
367,54.972,0.0025335846341882186,79.31
368,102.491,0.15847498884336073,104.021
369,212.754,0.06425486047860254,207.019
370,207.504,0.09674711995917251,207.019
371,172.442,0.09244262155811765,171.342
372,62.737,0.006299815753698526,79.31
373,122.456,0.1478152681642424,123.592
374,98.813,0.16619000603103493,96.882
375,243.921,0.0020840756767475663,207.019
376,155.221,0.1267349861180835,152.892
377,207.197,0.10630959117689875,207.019
378,69.271,0.015806249272517375,79.31
379,208.251,0.10071709564931289,207.019
380,100.408,0.1365665742930355,96.882
381,191.32,0.09110812904081544,196.009
382,153.9,0.1331983589962163,152.892
383,129.416,0.08025102520684697,123.592
384,88.723,0.09077902107716375,94.192
385,136.206,0.09244262155811765,140.149
386,209.176,0.09995433086622653,207.019
387,220.206,0.04037055486380604,207.019
388,103.762,0.21815575055286013,104.021
389,227.238,0.015866034565965057,207.019
390,196.166,0.10849168780084735,196.009
391,124.293,0.15034788244780095,123.592
392,102.961,0.17698710949785465,104.021
393,205.246,0.09415237488538206,207.019
394,130.408,0.07432610011547278,123.592
395,195.82,0.10555110129908052,196.009
396,208.211,0.10200791356991891,207.019
397,193.105,0.09099822780951353,196.009
398,233.286,0.006590518758448538,207.019
399,137.792,0.11680228969864641,140.149
400,100.35,0.1369712157729465,96.882
401,195.805,0.10452980975888285,196.009
402,205.314,0.09543652139987466,207.019
403,185.667,0.07707483133714642,179.066
404,189.708,0.08377296688245126,196.009
405,123.789,0.15163866810298837,123.592
406,146.046,0.08029651253777867,140.149
407,233.803,0.006083537642354555,207.019
408,95.523,0.20567561869797082,96.882
409,172.395,0.09444194068366196,171.342
410,137.108,0.09735178798727709,140.149
411,183.215,0.07720337863601902,179.066
412,62.063,0.005743560642882487,79.31
413,97.728,0.21138855859426664,96.882
414,171.342,0.11545678919980376,171.342
415,173.542,0.09888849333491512,171.342
416,119.897,0.15282658889219589,119.836
417,171.106,0.10266264817685121,171.342
418,191.272,0.0885243965712367,196.009
419,117.821,0.11800912470154007,116.037
420,116.595,0.15330566881437666,116.037
421,126.786,0.07917082181529818,123.592
422,212.618,0.0689252031277431,207.019
423,216.13,0.057563153687173095,207.019
424,95.641,0.20327169864401448,96.882
425,188.699,0.08016016642533064,196.009
426,204.673,0.08768753843454369,207.019
427,189.373,0.07280968799883782,196.009
428,198.152,0.08722201036964913,196.009
429,64.616,0.008079787905567478,79.31
430,194.072,0.10575715513252772,196.009
431,163.015,0.058259953465445546,152.892
432,145.473,0.08942675305052572,140.149
433,207.686,0.10299238185949959,207.019
434,125.127,0.12056327160493864,123.592
435,199.251,0.09380665042248085,196.009
436,83.499,0.044602585388862075,94.192
437,94.831,0.20604923464041983,96.882
438,151.102,0.10849168780084735,152.892
439,196.675,0.09502509422688345,196.009
440,98.604,0.1582229411872675,96.882
441,218.21,0.05198316826598092,207.019
442,145.991,0.08205410302926452,140.149
443,82.617,0.04396887513679283,94.192
444,114.08,0.1380932988707694,116.037
445,116.037,0.19119109951898366,116.037
446,201.976,0.06838553246616787,196.009
447,217.493,0.05415883236590321,207.019
448,215.876,0.053361106722159886,207.019
449,75.91,0.04331249641318402,79.31
450,167.876,0.06409229290177801,171.342
451,95.47,0.20108990729755202,96.882
452,103.549,0.23360332426874508,104.021
453,208.05,0.1069362715428451,207.019
454,156.984,0.09444194068366196,152.892
455,243.525,0.002161521505882056,207.019
456,153.727,0.14512471655328799,152.892
457,118.153,0.11359648868709618,116.037
458,151.16,0.11260754020089261,152.892
459,201.319,0.06785217535091963,196.009
460,154.886,0.1387111652084653,152.892
461,215.684,0.0580635796196834,207.019
462,173.177,0.09938792937573267,171.342
463,116.05,0.19002606397493532,116.037
464,130.931,0.06534348718849432,123.592
465,219.371,0.04406121759826162,207.019
466,97.61,0.2218707296817987,96.882
467,135.389,0.08701629815264468,140.149
468,242.541,0.002373742843536223,207.019
469,215.461,0.05983815932077484,207.019
470,138.614,0.12415814569312829,140.149
471,90.056,0.11672249308973606,94.192
472,204.021,0.07444782975270209,207.019
473,110.244,0.12664479933131526,116.037
474,94.365,0.21061317709767272,94.192
475,93.564,0.18262838775659457,94.192
476,148.035,0.09802349348673166,152.892
477,125.886,0.09028869267751463,123.592
478,194.956,0.11015437143767817,196.009
479,182.768,0.07750457587015881,179.066
480,221.251,0.03461330448891293,207.019
481,107.02,0.19858859116487307,104.021
482,95.738,0.21374056896457083,96.882
483,95.292,0.20019118257936339,96.882
484,181.887,0.091994551346713,179.066
485,48.868,0.0014840807907225205,79.31
486,66.658,0.010493548964851268,79.31
487,77.952,0.04561809877997128,79.31
488,190.631,0.09110812904081701,196.009
489,92.104,0.14512471655328799,94.192
490,188.561,0.0836760635164919,196.009
491,105.057,0.22762368160363539,104.021
492,186.564,0.07716049382716074,179.066
493,128.515,0.08905353105710807,123.592
494,135.103,0.08974852821388463,140.149
495,130.945,0.06504386135224427,123.592
496,230.387,0.01055834380298705,207.019
497,173.852,0.08534659551150296,171.342
498,93.466,0.1843575903061817,94.192
499,196.068,0.11390340239714095,196.009
500,119.188,0.1204795906970961,119.836
501,175.912,0.09386413879277307,179.066
502,79.424,0.047568704073902575,79.31
503,154.745,0.1253922268856999,152.892
504,156.661,0.1082775947345048,152.892
505,85.649,0.04798642943775505,94.192
506,69.164,0.015998762079785348,79.31
507,126.94,0.08107575199381487,123.592
508,68.753,0.015249108521866709,79.31
509,80.994,0.03745614494089774,94.192
510,183.967,0.0918830428098713,179.066
511,97.481,0.21314889985326615,96.882
512,191.684,0.08799996409601415,196.009
513,226.923,0.01582614010207634,207.019
514,211.021,0.08084539054750861,207.019
515,210.802,0.08768753843454369,207.019
516,142.491,0.13070603741643394,140.149
517,161.555,0.06293980764084171,152.892
518,152.878,0.17117750782324384,152.892
519,104.699,0.21473217314971701,104.021
520,117.216,0.11155689245335473,116.037
521,231.563,0.008404458585450301,207.019
522,142.517,0.1310848952972507,140.149
523,74.839,0.03826646192578886,79.31
524,138.263,0.11081540635566317,140.149
525,186.852,0.0836760635164919,179.066
526,68.025,0.013013588424652573,79.31
527,246.624,0.001651381305158777,207.019
528,214.179,0.06069625524134932,207.019
529,140.674,0.14999871001109463,140.149
530,138.374,0.11467615053721739,140.149
531,75.816,0.04505819513722048,79.31
532,101.258,0.1594892261837922,104.021
533,151.186,0.11459852241249302,152.892
534,189.767,0.08353102342209857,196.009
535,148.965,0.08191325779183484,152.892
536,141.266,0.12459678921550013,140.149
537,105.27,0.21513074786332306,104.021
538,71.197,0.022078515617237997,79.31
539,89.733,0.11103707405762073,94.192
540,178.864,0.09759524344206362,179.066
541,96.529,0.19613365645699532,96.882
542,164.602,0.052508609311582626,171.342
543,74.471,0.03619839267553034,79.31
544,229.482,0.01185594701890275,207.019
545,108.463,0.14315472061996293,104.021
546,235.164,0.005166047912749019,207.019
547,154.004,0.12592675797532082,152.892
548,232.158,0.007739417586691842,207.019
549,193.163,0.09426804118269198,196.009
550,104.041,0.2555920995459676,104.021
551,105.903,0.18046254716388682,104.021
552,141.385,0.13349051396383968,140.149
553,195.207,0.09771731377840606,196.009
554,86.494,0.057784763313609565,94.192
555,105.984,0.17462829058636503,104.021
556,161.548,0.06316145438343924,152.892
557,109.194,0.1330041215317176,104.021
558,134.673,0.08011479488729871,140.149
559,216.138,0.057370289361396654,207.019
560,97.034,0.21393833954752775,96.882
561,212.339,0.0672203427040956,207.019
562,156.603,0.11253200269491681,152.892
563,170.712,0.10319098515298428,171.342
564,132.115,0.07664865116769644,140.149
565,171.994,0.09160515685734207,171.342
566,133.786,0.08996401079712055,140.149
567,196.63,0.09244262155811765,196.009
568,196.123,0.11163145010704935,196.009
569,76.478,0.04349334171305047,79.31
570,163.927,0.04958084109038019,171.342
571,99.647,0.14590182208031544,96.882
572,212.66,0.067429969425229,207.019
573,227.922,0.01407164437014614,207.019
574,157.571,0.08768753843454369,152.892
575,213.491,0.062437546843770106,207.019
576,150.51,0.10286029802331341,152.892
577,209.331,0.09668696319398155,207.019
578,120.696,0.15081534546140038,119.836
579,97.661,0.21374056896457083,96.882
580,213.196,0.06694235760942115,207.019
581,194.175,0.1120053619206859,196.009
582,79.951,0.03935198147655014,79.31
583,191.187,0.08529675080793049,196.009
584,196.592,0.09160515685734207,196.009
585,225.007,0.020822531645042427,207.019
586,167.045,0.06157294238619777,171.342
587,162.473,0.058091572185081354,152.892
588,157.111,0.09698830932016042,152.892
589,187.143,0.0813534877379142,179.066
590,192.659,0.08635273590077762,196.009
591,94.596,0.19894305533561216,94.192
592,112.603,0.17462829058636503,116.037
593,134.076,0.08727355240449447,140.149
594,127.923,0.09561366571703121,123.592
595,198.678,0.09193877172007502,196.009
596,143.73,0.11405732589633848,140.149
597,172.735,0.09177173689299903,171.342
598,119.613,0.14668518616036957,119.836
599,113.763,0.17521355466075794,116.037
600,131.353,0.07111111111111111,123.592
601,93.423,0.17773404730285028,94.192
602,219.549,0.040944400615738154,207.019
603,83.265,0.04239003674749897,94.192
604,196.831,0.09306408281065329,196.009
605,74.382,0.03589725401801546,79.31
606,132.756,0.0831940595448164,140.149
607,210.334,0.10033462601120931,207.019
608,153.391,0.16246000843816982,152.892
609,152.169,0.12234090513429223,152.892
610,136.274,0.09249886041403908,140.149
611,144.105,0.10425996847804248,140.149
612,146.139,0.08177277488306631,140.149
613,104.467,0.25379261336598813,104.021
614,206.848,0.10266264817684935,207.019
615,149.053,0.07802503042976255,152.892
616,104.371,0.25175923056337046,104.021
617,152.251,0.12718736836107356,152.892
618,220.753,0.03891843944374515,207.019
619,171.6,0.10686636713448862,171.342
620,197.48,0.0842111219986736,196.009
621,170.61,0.09674711995917422,171.342
622,166.882,0.05957555159960629,171.342
623,56.38,0.002913016307671198,79.31
624,93.082,0.16470947883285564,94.192
625,132.668,0.0854963920522546,140.149
626,153.365,0.1623291242473611,152.892
627,198.957,0.09888849333491512,196.009
628,77.971,0.04599060991321165,79.31
629,158.239,0.07522577511886364,152.892
630,211.963,0.06557796318125253,207.019
631,102.747,0.17624487039304648,104.021
632,92.354,0.16180716598632092,94.192
633,59.82,0.0043927516364932655,79.31
634,101.739,0.12782478392178862,104.021
635,204.169,0.07750457587016005,207.019
636,182.065,0.09278082598872496,179.066
637,125.876,0.0906151354098213,123.592
638,198.428,0.0891067052795726,196.009
639,175.8,0.09007204322305187,179.066
640,173.589,0.09656681786455293,171.342
641,155.356,0.1203124900366211,152.892
642,96.229,0.21653453368530284,96.882
643,176.582,0.08831406246895161,179.066
644,163.042,0.05750795047415339,152.892
645,220.655,0.04046806824583585,207.019
646,142.493,0.13070603741643394,140.149
647,188.606,0.08153943850638101,196.009
648,106.452,0.21958929774464217,104.021
649,129.214,0.08172602754951676,123.592
650,175.649,0.09363450184197787,179.066
651,183.619,0.08737677362836109,179.066
652,115.422,0.1737558775097515,116.037
653,105.995,0.17624487039304856,104.021
654,159.868,0.0607261732964671,152.892
655,112.169,0.17788400219793546,116.037
656,111.706,0.1657842523528097,116.037
657,73.685,0.032059271180558686,79.31
658,152.783,0.1623291242473611,152.892
659,156.325,0.1245088747435737,152.892
660,101.13,0.15672320613051077,104.021
661,188.298,0.07863888050947918,196.009
662,91.72,0.14545699971083148,94.192
663,160.653,0.06373680879104007,152.892
664,109.915,0.12512623673208198,104.021
665,201.676,0.07047072825648598,196.009
666,236.856,0.004200182371918585,207.019
667,113.084,0.1701902863553673,116.037
668,125.568,0.10325731392206008,123.592
669,117.122,0.11398032517218983,116.037
670,131.152,0.06718549997164758,123.592
671,218.719,0.04834583750074449,207.019
672,110.364,0.1351643598615918,116.037
673,94.603,0.19770656431266112,94.192
674,88.078,0.0713392139674191,94.192
675,189.515,0.0775909559981687,196.009
676,173.743,0.08931987913948494,171.342
677,122.976,0.14884354519128196,123.592
678,230.383,0.01056702843663433,207.019
679,181.776,0.09028869267751463,179.066
680,203.727,0.07396269720951347,207.019
681,88.121,0.07300655065877067,94.192
682,178.59,0.09467455621301775,179.066
683,223.56,0.02207851561723809,207.019
684,167.126,0.06129884529526105,171.342
685,75.31,0.04313277670485,79.31
686,219.299,0.04542385544602942,207.019
687,118.955,0.11553529117897349,116.037
688,207.761,0.10486858707616353,207.019
689,169.216,0.07300655065877122,171.342
690,168.593,0.0691792381484197,171.342
691,79.661,0.04426539779608782,79.31
692,125.578,0.10259689147834324,123.592
693,185.212,0.08475132900677787,179.066
694,135.776,0.08276380798266864,140.149
695,197.909,0.08589778301258068,196.009
696,214.018,0.059199270664985836,207.019
697,150.334,0.09249886041403908,152.892
698,104.613,0.2220798936859133,104.021
699,162.114,0.05674337084221442,152.892
700,111.474,0.14612499883100005,116.037
701,163.455,0.05000304018484369,152.892
702,92.607,0.15366645865350356,94.192
703,147.665,0.08465272362942738,152.892
704,113.054,0.1744824327597041,116.037
705,101.118,0.15585818712926192,104.021
706,66.684,0.010506460128151917,79.31
707,120.273,0.15936191489276813,119.836
708,107.362,0.1812316174505041,104.021
709,168.69,0.07103531989761785,171.342
710,173.447,0.10103749339719885,171.342
711,203.977,0.0726919523684527,207.019
712,181.269,0.09317774885540393,179.066
713,92.734,0.15318568786118403,94.192
714,130.452,0.07497879599649156,123.592
715,119.2,0.12148954442757227,119.836
716,169.434,0.07168343162923843,171.342
717,139.01,0.12718736836107356,140.149
718,169.943,0.08144638351994371,171.342
719,181.525,0.09154973095822777,179.066
720,143.142,0.11857872488976952,140.149
721,171.465,0.11275884356334116,171.342
722,65.041,0.008464880324664728,79.31
723,155.265,0.12285602416529025,152.892
724,105.838,0.17477433138331638,104.021
725,130.646,0.07280968799883782,123.592
726,179.176,0.09802349348673166,179.066
727,208.487,0.09514237294972834,207.019
728,192.008,0.08416226855691743,196.009
729,207.809,0.10168289254477329,207.019
730,193.924,0.10305851920366622,196.009
731,170.085,0.0836760635164919,171.342
732,91.224,0.12259805883137616,94.192
733,109.133,0.13912538271653746,104.021
734,105.55,0.18903591682419707,104.021
735,77.877,0.04419098655007543,79.31
736,68.099,0.013236116002591336,79.31
737,200.109,0.06642576256775443,196.009
738,75.264,0.042989805096690606,79.31
739,176.811,0.08025102520684697,179.066
740,132.258,0.08079943608457564,140.149
741,208.495,0.09473284437923064,207.019
742,170.373,0.09077902107716453,171.342
743,98.217,0.19304363403868968,96.882
744,138.883,0.13933318759081892,140.149
745,163.087,0.05628657748058532,152.892
746,229.232,0.012528760395926876,207.019
747,228.015,0.01395222501434156,207.019
748,131.765,0.0761418846151974,123.592
749,125.996,0.09261149219711046,123.592
750,197.482,0.08430895657886452,196.009
751,102.218,0.155122429601951,104.021
752,133.339,0.07698931141991638,140.149
753,151.55,0.12655470877800104,152.892
754,169.854,0.07970817879245928,171.342
755,196.379,0.10466512341431167,196.009
756,218.128,0.05217332144338086,207.019
757,117.502,0.1172827922687182,116.037
758,146.396,0.0828114486827793,140.149
759,192.24,0.0797532053012595,196.009
760,186.814,0.08191325779183484,179.066
761,210.622,0.08926651401497615,207.019
762,173.402,0.09951337957388448,171.342
763,178.349,0.08205410302926452,179.066
764,185.104,0.0836760635164919,179.066
765,60.959,0.005139416937568333,79.31
766,137.943,0.11359648868709728,140.149
767,67.121,0.011421594596461873,79.31
768,105.38,0.2204148206925443,104.021
769,169.153,0.07099746972117714,171.342
770,155.384,0.12268395692566117,152.892
771,169.329,0.07218505012962959,171.342
772,177.857,0.06534348718849432,179.066
773,96.882,0.23772161895078667,96.882
774,67.422,0.01219346601905381,79.31
775,87.819,0.06571251654559038,94.192
776,124.9,0.1354630105380741,123.592
777,149.871,0.08070764462810001,152.892
778,149.615,0.08276380798266864,152.892
779,86.513,0.05831624327227395,94.192
780,190.571,0.08894732530500658,196.009
781,104.584,0.22827667772514906,104.021
782,97.092,0.20290560831101395,96.882
783,222.016,0.028942819523807402,207.019
784,111.281,0.13566266122659504,116.037
785,105.141,0.21041999831663868,104.021
786,200.841,0.06218866798091992,196.009
787,55.418,0.0026512874952998307,79.31
788,202.137,0.06319321375660626,196.009
789,104.757,0.2145333010389192,104.021
790,141.208,0.12503776140394374,140.149
791,85.921,0.05038538521516453,94.192
792,141.994,0.11915245902674673,140.149
793,148.465,0.09045169314263163,152.892
794,220.298,0.041905484275491,207.019
795,102.541,0.15987207675905984,104.021
796,208.658,0.09154973095822777,207.019
797,208.246,0.10103749339719885,207.019
798,185.341,0.08130709943508617,179.066
799,104.649,0.21938364165875868,104.021
800,198.167,0.08799996409601415,196.009
801,98.899,0.1562280304332202,96.882
802,222.275,0.02845663936650515,207.019
803,211.729,0.06676949168385965,207.019
804,181.212,0.09300732776833148,179.066
805,196.126,0.11140800105525589,196.009
806,120.982,0.1269156489406539,123.592
807,120.109,0.14713565863585537,119.836
808,59.059,0.003981037506226192,79.31
809,131.847,0.07428558991041187,123.592
810,92.042,0.1522308904182678,94.192
811,101.266,0.16051323142669358,104.021
812,167.008,0.06271932556153009,171.342
813,216.83,0.058400831067187076,207.019
814,114.778,0.15246875114828115,116.037
815,202.236,0.060576803845463476,196.009
816,177.409,0.06852882322304786,179.066
817,146.691,0.07939405819632073,140.149
818,150.461,0.09970200069013893,152.892
819,102.95,0.17863663094172236,104.021
820,202.53,0.06534348718849432,196.009
821,109.264,0.12865138356843844,104.021
822,198.618,0.09088852531458978,196.009
823,124.253,0.155122429601951,123.592
824,141.545,0.13070603741643394,140.149
825,108.498,0.1413307705353598,104.021
826,91.574,0.13447133736720412,94.192
827,176.167,0.0940369213402784,179.066
828,79.261,0.04875232798460145,79.31
829,197.64,0.07855074503810726,196.009
830,187.591,0.08121444177943699,179.066
831,152.459,0.1310848952972507,152.892
832,227.932,0.014038318995530206,207.019
833,121.213,0.1296726064933038,123.592
834,181.293,0.09182736455463665,179.066
835,176.349,0.09543652139987298,179.066
836,148.811,0.08034203855389381,152.892
837,231.937,0.0079167085625481,207.019
838,79.31,0.04973576383390304,79.31
839,106.18,0.18611146885871271,104.021
840,219.692,0.038673910290063875,207.019
841,114.136,0.14111848251344522,116.037
842,145.182,0.09278082598872496,140.149
843,135.01,0.08836657566087572,140.149
844,96.968,0.22082932896150145,96.882
845,171.948,0.09421018140735635,171.342
846,100.03,0.15390769324534453,96.882
847,122.559,0.14736167343916312,123.592
848,215.703,0.05753554214964607,207.019
849,155.302,0.11973036721303736,152.892
850,111.389,0.13902165456900206,116.037
851,136.456,0.08926651401497615,140.149
852,168.982,0.07099746972117606,171.342
853,141.431,0.13697121577294794,140.149
854,79.039,0.047923420674087044,79.31
855,187.318,0.08205410302926586,179.066
856,186.692,0.08271620838164975,179.066
857,140.422,0.1375815583477888,140.149
858,165.4,0.06145089495854425,171.342
859,180.668,0.0918830428098713,179.066
860,182.771,0.07737527589121815,179.066
861,98.505,0.15809714278938686,96.882
862,102.509,0.1594892261837922,104.021
863,149.302,0.08084539054750861,152.892
864,148.397,0.08686249120408694,152.892
865,72.779,0.027917189241552787,79.31
866,216.357,0.05413363342132571,207.019
867,184.491,0.09340570656559968,179.066
868,207.458,0.09692792749480919,207.019
869,116.788,0.13636492563202432,116.037
870,114.09,0.13737765832637813,116.037
871,188.432,0.08112194242272679,196.009
872,151.332,0.11792808839512087,152.892
873,120.133,0.14446355697303195,119.836
874,197.147,0.08604903366504847,196.009
875,164.471,0.055808900057365864,171.342
876,196.42,0.10194278481590917,196.009
877,185.348,0.08098348941011256,179.066
878,144.891,0.08931987913948494,140.149
879,218.974,0.04740313986073643,207.019
880,204.246,0.08011479488729742,207.019
881,176.536,0.0886298455155199,179.066
882,229.149,0.012764838323557534,207.019
883,206.115,0.09668696319398155,207.019
884,75.437,0.04117736970821391,79.31
885,121.518,0.14713565863585537,123.592
886,181.777,0.0903429771751164,179.066
887,130.763,0.06842131299268023,123.592
888,156.259,0.1295792664880554,152.892
889,109.798,0.12957926648805407,104.021
890,163.429,0.04942664107816528,152.892
891,82.762,0.04277667687246894,94.192
892,232.378,0.007606346845339172,207.019
893,122.152,0.13242395157309017,123.592
894,173.169,0.0988884933349169,171.342
895,71.105,0.02148703888921977,79.31
896,157.282,0.08873548298590289,152.892
897,236.905,0.0041736324418219254,207.019
898,107.474,0.16837939379713918,104.021
899,183.395,0.0836760635164919,179.066
900,236.447,0.004432026084636328,207.019
901,110.205,0.12755102040816352,116.037
902,86.104,0.05418404890955704,94.192
903,129.044,0.08276380798266797,123.592
904,208.115,0.1025311979365789,207.019
905,236.57,0.004360324369064549,207.019
906,207.019,0.10806413476721462,207.019
907,223.817,0.023166971312339472,207.019
908,225.135,0.020367408081734543,207.019
909,125.051,0.12157427993985519,123.592
910,100.005,0.15548965558419314,96.882
911,145.182,0.09278082598872496,140.149
912,109.567,0.1291140747381998,104.021
913,132.026,0.07300655065877122,140.149
914,121.226,0.13089526075383145,123.592
915,135.129,0.08836657566087572,140.149
916,138.223,0.10799312170209412,140.149
917,97.576,0.22546714537851092,96.882
918,168.119,0.06534348718849432,171.342
919,72.802,0.028133000673729203,79.31
920,181.834,0.09233029760547855,179.066
921,125.566,0.10339016345984846,123.592
922,139.004,0.1277334315688576,140.149
923,102.598,0.16741624500095056,104.021
924,153.588,0.1430464546222309,152.892
925,190.809,0.0939216800259296,196.009
926,154.593,0.127642177110926,152.892
927,50.097,0.001635260290864305,79.31
928,117.936,0.11569253551760746,116.037
929,200.891,0.06243754684376922,196.009
930,113.247,0.1561046031969279,116.037
931,165.008,0.05482023048508026,171.342
932,88.535,0.08130709943508617,94.192
933,155.261,0.12320124640237051,152.892
934,86.094,0.05443718591104691,94.192
935,135.973,0.09001800270035859,140.149
936,133.046,0.07589038392945248,140.149
937,152.819,0.16578425235280778,152.892
938,141.937,0.11672249308973495,140.149
939,173.945,0.0899100674550292,171.342
940,110.661,0.15093255186495302,116.037
941,66.5,0.010161940686784596,79.31
942,169.251,0.07440722000042277,171.342
943,84.31,0.04166631771125582,94.192
944,179.21,0.09596943718915447,179.066
945,123.232,0.16,123.592
946,98.803,0.16484325302334782,96.882
947,85.434,0.045911808282940114,94.192
948,175.521,0.0901261324235872,179.066
949,94.229,0.22145328719723184,94.192
950,111.158,0.14424417423023062,116.037
951,100.734,0.14006418301122187,104.021
952,192.395,0.08524694975757983,196.009
953,152.412,0.12782478392178992,152.892
954,208.551,0.09154973095822934,207.019
955,135.942,0.09127335456960037,140.149
956,115.602,0.16796560064498822,116.037
957,166.322,0.056473998467521616,171.342
958,181.375,0.0940369213402784,179.066
959,91.35,0.12380889651111493,94.192
960,154.625,0.12477289772952105,152.892
961,79.075,0.0471768967565695,79.31
962,158.324,0.07384215500945267,152.892
963,98.922,0.15342579078337554,96.882
964,139.343,0.1422920199362492,140.149
965,103.318,0.20888409105341035,104.021
966,177.588,0.06972835020143452,179.066
967,202.038,0.06622079762156004,196.009
968,85.8,0.048795414441168784,94.192
969,219.492,0.041905484275491,207.019
970,196.009,0.11506547685895123,196.009
971,169.776,0.08333822250905393,171.342
972,211.883,0.06806476689280738,207.019
973,143.385,0.11736316423296451,140.149
974,163.648,0.05002541040721626,171.342
975,76.42,0.042459944031849474,79.31
976,86.378,0.055624777500890135,94.192
977,68.208,0.013574435396133048,79.31
978,146.304,0.07859479424236511,140.149
979,196.084,0.11268315378962925,196.009
980,202.796,0.062250748004988615,207.019
981,172.906,0.09970200069013715,171.342
982,116.973,0.1219992902081296,116.037
983,207.832,0.10020762016822707,207.019
984,155.351,0.119896256167463,152.892
985,68.929,0.015742849991105295,79.31
986,187.763,0.07903733162380908,179.066
987,97.888,0.21795210458911318,96.882
988,184.963,0.0846034854605532,179.066
989,140.149,0.1608997772986189,140.149
990,102.063,0.14953503575980862,104.021
991,185.549,0.07456985868415196,179.066
992,190.308,0.08440696175115374,196.009
993,159.436,0.060073048827373715,152.892
994,94.872,0.20400685789453524,96.882
995,129.282,0.08338636010949993,123.592
996,56.928,0.003093289911791743,79.31
997,164.507,0.05487160839274405,171.342
998,172.275,0.09221817825017632,171.342
999,137.439,0.10707628628601108,140.149
1000,96.216,0.21917827434807702,96.882
1001,90.85,0.13466879892264877,94.192
1002,120.778,0.14218473095236459,119.836
1003,103.327,0.20717621103300285,104.021
1004,95.982,0.19304363403868968,96.882
1005,179.801,0.0965068291610057,179.066
1006,222.506,0.02636207503379427,207.019
1007,110.953,0.15797149435978688,116.037
1008,178.777,0.10220367475356741,179.066
1009,227.747,0.014253668780314685,207.019
1010,94.271,0.21613205322640924,94.192
1011,94.842,0.20812243593158794,96.882
1012,140.694,0.1477016733418004,140.149
1013,104.983,0.24100049911203555,104.021
1014,142.359,0.12123586874714004,140.149
1015,107.088,0.2030885297426183,104.021
1016,207.859,0.10001756308407897,207.019
1017,127.311,0.0899100674550292,123.592
1018,182.875,0.07497879599649274,179.066
1019,73.754,0.03251174421736356,79.31
1020,98.83,0.1651112907888871,96.882
1021,216.347,0.05388260833206189,207.019
1022,88.467,0.0782434348867914,94.192
1023,115.165,0.18200561450919508,116.037
1024,170.371,0.09088852531458978,171.342
1025,100.365,0.13676867056475678,96.882
1026,202.962,0.06234404248123068,207.019
1027,119.056,0.11066799645331203,116.037
1028,93.575,0.18092340046978586,94.192
1029,157.561,0.08820917641826365,152.892
1030,101.989,0.14523535098155912,104.021
1031,200.136,0.06735998502991662,196.009
1032,51.892,0.00190125506333693,79.31
1033,115.296,0.16457586741768265,116.037
1034,73.347,0.030865279720918532,79.31
1035,103.887,0.2274066387729696,104.021
1036,204.141,0.07780753916150794,207.019
1037,148.564,0.09001800270036013,152.892
1038,187.002,0.07850673285517026,179.066
1039,150.545,0.10520901401373557,152.892
1040,81.904,0.042794376955809954,94.192
1041,160.238,0.06435269808983149,152.892
1042,207.404,0.09656681786455122,207.019
1043,140.125,0.1578459956601827,140.149
1044,150.883,0.10806413476721462,152.892
1045,153.925,0.13165627810861535,152.892
1046,160.7,0.062250748004988615,152.892
1047,151.794,0.12477289772952105,152.892
1048,89.307,0.10770976827428183,94.192
1049,92.57,0.15647532446723209,94.192
1050,136.997,0.1005255879842151,140.149
1051,77.33,0.041905484275490755,79.31
1052,137.726,0.11351995408344978,140.149
1053,105.013,0.23496411745480233,104.021
1054,195.494,0.09864018585389274,196.009
1055,101.53,0.14446355697303195,104.021
1056,91.822,0.1546348151936138,94.192
1057,113.394,0.16782800851425017,116.037
1058,179.579,0.09579130370144336,179.066
1059,196.694,0.09525986892242151,196.009
1060,114.952,0.16700599501420263,116.037
1061,233.336,0.00653733961029504,207.019
1062,161.887,0.0561798983716876,152.892
1063,171.567,0.10541406645302663,171.342
1064,216.388,0.05492305856187607,207.019
1065,137.149,0.09989115859359722,140.149
1066,98.706,0.1629851313554213,96.882
1067,172.917,0.10039821949781576,171.342
1068,172.738,0.09160515685734207,171.342
1069,135.22,0.08681131283359389,140.149
1070,122.653,0.1545132708358042,123.592
1071,198.578,0.09110812904081701,196.009
1072,115.54,0.1741912647958059,116.037
1073,186.094,0.08149289108988444,179.066
1074,114.075,0.13860789987408786,116.037
1075,119.964,0.1504645442338673,119.836
1076,117.386,0.11306236655814157,116.037
1077,171.941,0.09461632182644293,171.342
1078,221.769,0.031448201305974505,207.019
1079,122.247,0.1420775632674935,123.592
1080,103.052,0.18821669387966486,104.021
1081,156.101,0.13358811258165004,152.892
1082,170.768,0.10700624456341483,171.342
1083,89.417,0.10827759473450377,94.192
1084,143.205,0.11956482230754167,140.149
1085,178.207,0.07815596319448126,179.066
1086,82.215,0.041905484275490755,94.192
1087,209.848,0.10700624456341284,207.019
1088,174.659,0.08996401079712055,171.342
1089,87.441,0.05899813265010337,94.192
1090,167.927,0.06246876171484482,171.342
1091,96.369,0.21100033359152612,96.882
1092,111.223,0.13850474981263794,116.037
1093,112.513,0.16810336205043167,116.037
1094,225.183,0.020554720520034462,207.019
1095,103.114,0.1987657047267885,104.021
1096,90.618,0.13203927798810214,94.192
1097,145.283,0.08931987913948647,140.149
1098,208.505,0.09415237488538206,207.019
1099,121.714,0.14154353794300992,123.592
1100,125.173,0.11680228969864527,123.592
1101,89.955,0.1093544413650233,94.192
1102,110.716,0.15759544650020632,116.037
1103,147.871,0.09193877172007502,152.892
1104,215.919,0.05443718591104656,207.019
1105,118.064,0.11744361884190206,116.037
1106,143.492,0.12574820180071233,140.149
1107,114.014,0.14512471655328799,116.037
1108,139.437,0.1483852127606563,140.149
1109,87.386,0.060606633614233026,94.192
1110,158.533,0.07518452726487973,152.892
1111,150.078,0.08635273590077906,152.892
1112,86.931,0.05753554214964646,94.192
1113,205.184,0.09166063310549265,207.019
1114,154.244,0.1331983589962163,152.892
1115,136.943,0.0987642225418679,140.149
1116,189.065,0.07572340843782852,196.009
1117,92.228,0.15058134185744212,94.192
1118,122.776,0.14315472061996293,123.592
1119,94.08,0.21653453368530284,94.192
1120,174.242,0.08480069631547771,171.342
1121,78.364,0.045676614774530375,79.31
1122,113.91,0.15548965558419314,116.037
1123,221.426,0.03297386435455717,207.019
1124,93.111,0.1651112907888871,94.192
1125,218.733,0.048218527911487716,207.019
1126,236.127,0.004518847244237039,207.019
1127,139.803,0.14058985034069824,140.149
1128,78.995,0.04886015130229891,79.31
1129,223.267,0.02397750104757703,207.019
1130,106.784,0.21553043332824756,104.021
1131,63.18,0.006767349670906493,79.31
1132,51.315,0.001809080102649594,79.31
1133,96.644,0.20926648747875037,96.882
1134,115.991,0.18372595876932293,116.037
1135,205.17,0.09088852531458978,207.019
1136,208.903,0.08964107712718258,207.019
1137,90.796,0.13975019652371268,94.192
1138,130.981,0.06625489250971811,123.592
1139,127.223,0.09132852963533172,123.592
1140,126.297,0.09272432982563421,123.592
1141,188.38,0.07934933544931638,196.009
1142,162.004,0.053882608332061176,152.892
1143,141.008,0.1327135610034468,140.149
1144,104.795,0.21795210458911318,104.021
1145,199.114,0.09216219514128218,196.009
1146,206.337,0.09249886041404068,207.019
1147,155.275,0.1219992902081296,152.892
1148,174.285,0.08271620838164975,171.342
1149,92.117,0.1436978987343658,94.192
1150,150.642,0.10507264459965954,152.892
1151,137.69,0.11170608253024181,140.149
1152,199.919,0.0693981019341521,196.009
1153,216.862,0.05767379883932668,207.019
1154,99.502,0.15246875114827946,96.882
1155,92.569,0.1563516041127356,94.192
1156,123.914,0.13840171485260747,123.592
1157,144.347,0.10148862500267611,140.149
1158,159.776,0.05806357961968419,152.892
1159,140.313,0.14534611196970396,140.149
1160,130.49,0.07656383938866512,123.592
1161,184.83,0.08314608834238679,179.066
1162,176.722,0.08144638351994239,179.066
1163,206.322,0.09312088981852583,207.019
1164,102.378,0.15885419107395118,104.021
1165,200.926,0.06354415355978438,196.009
1166,205.563,0.09490803221861896,207.019
1167,95.553,0.21138855859426664,96.882
1168,53.778,0.0022544573501882487,79.31
1169,132.173,0.07703205357671727,140.149
1170,210.122,0.10046187346324902,207.019
1171,88.847,0.09426804118269032,94.192
1172,178.638,0.0975342940331251,179.066
1173,251.371,0.0011604751112757811,207.019
1174,78.764,0.04809172052939362,79.31
1175,190.649,0.09105315355313118,196.009
1176,210.12,0.10033462601121111,207.019
1177,105.344,0.22041482069254137,104.021
1178,108.707,0.1359629658635073,104.021
1179,127.259,0.08937329213224572,123.592
1180,154.194,0.1284670032502133,152.892
1181,86.663,0.05998480344989405,94.192
1182,157.668,0.08285913052931322,152.892
1183,96.966,0.2212450076064053,96.882
1184,96.422,0.20793267306392368,96.882
1185,130.943,0.06497755772622467,123.592
1186,95.937,0.19236688211757447,96.882
1187,212.698,0.06611867071586187,207.019
1188,156.851,0.10246556747070747,152.892
1189,118.871,0.12242653306177582,116.037
1190,143.965,0.11436611039371841,140.149
1191,136.169,0.09039731064384977,140.149
1192,148.659,0.08509780801662212,152.892
1193,95.498,0.20108990729755458,96.882
1194,164.18,0.05155910612183961,171.342
1195,150.917,0.11030075596829149,152.892
1196,104.667,0.22124500760640237,104.021
1197,114.153,0.13933318759081892,116.037
1198,122.055,0.13290716208786035,123.592
1199,208.038,0.10778050198984215,207.019
1200,123.032,0.15427061163360775,123.592
1201,114.198,0.13476769284178808,116.037
1202,198.825,0.09438392075526039,196.009
1203,82.634,0.04419098655007543,94.192
1204,218.397,0.05160596738378972,207.019
1205,146.803,0.07724629920705194,140.149
1206,155.488,0.13213528909417382,152.892
1207,117.761,0.1132908137803771,116.037
1208,243.458,0.0021750508598667702,207.019
1209,196.598,0.09127335456960037,196.009
1210,177.275,0.07176026274015543,179.066
1211,91.606,0.13586275362009623,94.192
1212,79.727,0.043061201895846876,79.31
1213,123.712,0.16012807684097927,123.592
1214,97.519,0.22082932896150145,96.882
1215,98.819,0.16659725114535573,96.882
1216,130.455,0.07510213326858524,123.592
1217,171.446,0.11421156161353958,171.342
1218,222.927,0.023617742678033286,207.019
1219,226.447,0.01743208755035876,207.019
1220,77.927,0.04513480842011528,79.31
1221,120.422,0.15330566881437666,119.836
1222,123.013,0.15199358587067652,123.592
1223,110.382,0.13697121577294794,116.037
1224,130.511,0.07746143988887615,123.592
1225,158.218,0.07609988109393578,152.892
1226,109.307,0.1327135610034468,104.021
1227,88.122,0.07304601899196482,94.192
1228,107.896,0.1535460539892485,104.021
1229,179.132,0.10078105316200518,179.066
1230,141.267,0.1245088747435737,140.149
1231,144.133,0.10486858707616353,140.149
1232,193.628,0.10700624456341483,196.009
1233,135.686,0.08509780801662212,140.149
1234,195.986,0.11459852241249302,196.009
1235,170.301,0.09249886041403908,171.342
1236,163.926,0.04960292855690243,171.342
1237,177.877,0.06577994857455177,179.066
1238,96.692,0.21876840389197633,96.882
1239,105.82,0.17288998577980055,104.021
1240,216.809,0.058091572185081354,207.019
1241,105.042,0.2309169643378761,104.021
1242,228.88,0.013577599047091531,207.019
1243,105.233,0.21158307301562732,104.021
1244,175.982,0.09520109374632502,179.066
1245,203.993,0.07332319566829976,207.019
1246,184.082,0.09549551476666136,179.066
1247,201.538,0.06806476689280738,196.009
1248,118.301,0.11792808839512203,116.037
1249,83.951,0.043913608932800836,94.192
1250,105.959,0.1721733441228634,104.021
1251,153.628,0.14369789873436892,152.892
1252,108.532,0.1380932988707694,104.021
1253,207.38,0.09759524344206362,207.019
1254,137.275,0.09945062480352335,140.149
1255,113.807,0.16893350084779182,116.037
1256,95.203,0.18821669387966486,96.882
1257,53.946,0.0022908591679229756,79.31
1258,119.068,0.11103707405761969,119.836
1259,98.929,0.15366645865350356,96.882
1260,126.976,0.08276380798266864,123.592
1261,30.938,0.0005191686019057029,79.31
1262,114.16,0.13860789987408934,116.037
1263,95.773,0.20698774053010516,96.882
1264,186.414,0.0798433728523436,179.066
1265,132.64,0.08691371484514082,140.149
1266,134.866,0.08126075079733135,140.149
1267,190.164,0.08333822250905393,196.009
1268,95.99,0.1916936826963494,96.882
1269,155.299,0.11997932996103426,152.892
1270,103.25,0.2200014784099339,104.021
1271,214.599,0.059488399762045736,207.019
1272,159.159,0.06628901373614475,152.892
1273,172.331,0.09083374844356307,171.342
1274,154.824,0.13271356100344955,152.892
1275,153.622,0.14380690529121992,152.892
1276,145.279,0.08953381889314078,140.149
1277,193.602,0.105894859747023,196.009
1278,86.437,0.05623319998004849,94.192
1279,164.089,0.051699881772710454,171.342
1280,151.891,0.1227699453280868,152.892
1281,98.942,0.15524469358112736,96.882
1282,92.715,0.15548965558419314,94.192
1283,185.081,0.08257365570088433,179.066
1284,153.928,0.13137012073308338,152.892
1285,105.41,0.2143347050754465,104.021
1286,118.324,0.11915245902674558,116.037
1287,104.676,0.21938364165875868,104.021
1288,154.35,0.13117986714365457,152.892
1289,113.756,0.17624487039304648,116.037
1290,180.98,0.10027109292683602,179.066
1291,61.317,0.005412144285666747,79.31
1292,125.293,0.1111852222386893,123.592
1293,184.118,0.09765624999999896,179.066
1294,215.171,0.0580635796196834,207.019
1295,193.454,0.09913773959608982,196.009
1296,182.729,0.07811228234403197,179.066
1297,158.872,0.07501987464028866,152.892
1298,120.732,0.14724860099104262,119.836
1299,162.384,0.058203745119980256,152.892
1300,178.543,0.091994551346713,179.066
1301,184.402,0.09680733288440554,179.066
1302,240.042,0.002994885971648332,207.019
1303,197.562,0.08210113217461226,196.009
1304,116.013,0.18724063661067603,116.037
1305,166.312,0.05674337084221442,171.342
1306,153.328,0.16727932720254693,152.892
1307,158.916,0.07324384156624658,152.892
1308,134.698,0.0797532053012595,140.149
1309,148.817,0.08006946185955148,152.892
1310,107.407,0.17492055545672466,104.021
1311,122.293,0.139229226999331,123.592
1312,123.592,0.1636451231134998,123.592
1313,206.299,0.09182736455463823,207.019
1314,189.77,0.08338636010949856,196.009
1315,190.929,0.0939792741867879,196.009
1316,88.126,0.0732042128146025,94.192
1317,118.073,0.11784713553092342,116.037
1318,163.833,0.05172340042668722,171.342
1319,126.006,0.09317774885540393,123.592
1320,87.283,0.06194127422120615,94.192
1321,127.93,0.09602892544880776,123.592
1322,124.646,0.15058134185744212,123.592
1323,92.983,0.15809714278938686,94.192
1324,207.275,0.10365663284281669,207.019
1325,129.636,0.08025102520684697,123.592
1326,192.699,0.08841913570471689,196.009
1327,221.212,0.03493754913092817,207.019
1328,108.693,0.13737765832637813,104.021
1329,195.301,0.10046187346324721,196.009
1330,89.651,0.11059440177773827,94.192
1331,109.551,0.13061157957856645,104.021
1332,186.307,0.08314608834238543,179.066
1333,201.303,0.06842131299268023,196.009
1334,144.39,0.10174777235970765,140.149
1335,150.944,0.11230584565403263,152.892
1336,204.992,0.09415237488538042,207.019
1337,115.88,0.17203055056141292,116.037
1338,154.14,0.12682526927541238,152.892
1339,114.38,0.1330041215317176,116.037
1340,90.179,0.12073089518095387,94.192
1341,197.094,0.08343453942966067,196.009
1342,138.433,0.11939962050024576,140.149
1343,122.778,0.14337162168071496,123.592
1344,126.709,0.08271620838164975,123.592
1345,189.223,0.07408353481585325,196.009
1346,79.503,0.04597089049660327,79.31
1347,233.002,0.006883505866457552,207.019
1348,76.791,0.04116066319871612,79.31
1349,123.271,0.155122429601951,123.592
1350,236.295,0.004418484649229946,207.019
1351,220.912,0.03658717201063767,207.019
1352,106.937,0.1963074952753685,104.021
1353,101.724,0.1292069124664504,104.021
1354,145.361,0.08820917641826514,140.149
1355,95.975,0.1942365735425328,96.882
1356,191.864,0.08489956042403514,196.009
1357,179.223,0.09520109374632502,179.066
1358,202.875,0.0625,207.019
1359,210.248,0.09591000419030898,207.019
1360,164.917,0.05500036960248347,171.342
1361,126.206,0.0970487475859128,123.592
1362,173.218,0.10187771841589642,171.342
1363,122.069,0.1342743097931223,123.592
1364,188.024,0.07868300388103927,196.009
1365,205.396,0.09415237488538206,207.019
1366,135.727,0.08309815861959362,140.149
1367,70.088,0.018505769756653426,79.31
1368,194.633,0.11059440177774038,196.009
1369,108.55,0.13995940337545673,104.021
1370,120.981,0.12682526927541238,123.592
1371,36.754,0.0006899039260765627,79.31
1372,96.074,0.2051170972484775,96.882
1373,93.706,0.1942365735425328,94.192
1374,213.277,0.06422229751929823,207.019
1375,113.235,0.15759544650020632,116.037
1376,114.067,0.13943726466475684,116.037
1377,130.148,0.07966319040402735,123.592
1378,162.198,0.05908420894161499,152.892
1379,90.65,0.1300469768694549,94.192
1380,118.944,0.11640412298747478,116.037
1381,214.728,0.06221969637908076,207.019
1382,49.69,0.001582733025910024,79.31
1383,201.891,0.0715301391168215,196.009
1384,215.846,0.05378268696583006,207.019
1385,114.366,0.13165627810861535,116.037
1386,123.99,0.1462367792811721,123.592
1387,192.146,0.08416226855691882,196.009
1388,131.7,0.0789485256402312,123.592
1389,158.991,0.07035861787531007,152.892
1390,119.836,0.1603846923075813,119.836
1391,111.069,0.149998710011093,116.037
1392,90.214,0.1237218144694886,94.192
1393,161.638,0.060457704726867297,152.892
1394,143.097,0.11506547685895123,140.149
1395,138.206,0.10679653124866488,140.149
1396,133.329,0.07656383938866512,140.149
1397,86.593,0.060636485421988615,94.192
1398,165.414,0.06187965644414711,171.342
1399,149.502,0.08701629815264468,152.892
1400,112.358,0.17075336384126744,116.037
1401,109.25,0.1277334315688576,104.021
1402,110.66,0.15081534546140038,116.037
1403,78.611,0.04501996162588523,79.31
1404,140.91,0.14101251782222146,140.149
1405,214.607,0.05966289509664094,207.019
1406,71.463,0.023610485170915286,79.31
1407,98.282,0.18870758702627682,96.882
1408,210.513,0.09121822948882817,207.019
1409,200.715,0.06383346512816106,196.009
1410,67.979,0.012878077165026282,79.31
1411,125.057,0.12174401713376602,123.592
1412,182.066,0.09283737380151531,179.066
1413,96.675,0.21533045149412397,96.882
1414,101.48,0.15011496554636333,104.021
1415,76.216,0.04380338866518974,79.31
1416,80.233,0.036968028680979724,79.31
1417,218.595,0.047965412716475045,207.019
1418,99.733,0.1423994304022778,96.882
1419,236.541,0.004377072064880459,207.019
1420,47.329,0.0013226026016870816,79.31
1421,133.843,0.08711906318432143,140.149
1422,176.02,0.09747340170182692,179.066
1423,218.496,0.050115041583707186,207.019
1424,151.169,0.11329081378037927,152.892
1425,214.029,0.05951742911370067,207.019
1426,146.312,0.0789485256402312,140.149
1427,178.852,0.09747340170182692,179.066
1428,69.104,0.015758664003158313,79.31
1429,97.508,0.21856389966955123,96.882
1430,96.988,0.21673619563822816,96.882
1431,210.025,0.10078105316200518,207.019
1432,176.348,0.09537758268187267,179.066
1433,182.891,0.07432610011547393,179.066
1434,86.639,0.06069625524134932,94.192
1435,155.872,0.13871116520846824,152.892
1436,186.485,0.07763420022527776,179.066
1437,220.968,0.035815777394342135,207.019
1438,75.741,0.04538515567743784,79.31
1439,102.265,0.1562280304332202,104.021
1440,86.161,0.05277432237902015,94.192
1441,213.824,0.06325680440793657,207.019
1442,81.273,0.03749967750277346,94.192
1443,125.716,0.09409462155143264,123.592
1444,114.996,0.16219839816106077,116.037
1445,112.505,0.16700599501420263,116.037
1446,110.531,0.14402529084107113,116.037
1447,94.319,0.21022708519515745,94.192
1448,92.457,0.15974430687264796,94.192
1449,137.315,0.09888849333491512,140.149
1450,143.506,0.12468479683360521,140.149
1451,160.618,0.06386573277082971,152.892
1452,81.347,0.03798358660852189,94.192
1453,184.636,0.08820917641826514,179.066
1454,211.081,0.08079943608457564,207.019
1455,90.793,0.1399594033754582,94.192
1456,183.572,0.08499859752314053,179.066
1457,90.587,0.13506502908422768,94.192
1458,139.41,0.14534611196970396,140.149
1459,99.627,0.1436978987343658,96.882
1460,148.355,0.08650519031141984,152.892
1461,89.025,0.10319098515298428,94.192
1462,160.812,0.059343571088405905,152.892
1463,117.915,0.11736316423296451,116.037
1464,110.593,0.14326310957736854,116.037
1465,114.222,0.13397957936843105,116.037
1466,94.342,0.20907515812876942,94.192
1467,99.434,0.1531856878611823,96.882
1468,220.949,0.03607474326056136,207.019
1469,205.1,0.0906151354098213,207.019
1470,94.767,0.20679952709084182,96.882
1471,129.402,0.08089138422630991,123.592
1472,133.443,0.08163265306122448,140.149
1473,104.481,0.25251887578596627,104.021
1474,161.783,0.057840365680673876,152.892
1475,189.775,0.08314608834238543,196.009
1476,124.378,0.15234975115191673,123.592
1477,151.79,0.12442105328642589,152.892
1478,134.104,0.08873548298590289,140.149
1479,160.737,0.06111712945066434,152.892
1480,128.141,0.09692792749480748,123.592
1481,133.166,0.07711764474075788,140.149
1482,126.605,0.07966319040402735,123.592
1483,171.433,0.11522176271783266,171.342
1484,153.481,0.1521121687301198,152.892
1485,165.791,0.057979723215237956,171.342
1486,195.57,0.09920019840039787,196.009
1487,192.275,0.07957332781624983,196.009
1488,193.963,0.10200791356991891,196.009
1489,220.205,0.04035433690480008,207.019
1490,128.178,0.0992001984003961,123.592
1491,150.715,0.10155331894525878,152.892
1492,181.84,0.091994551346713,179.066
1493,121.221,0.13042297082399099,123.592
1494,103.962,0.24458943706273734,104.021
1495,152.745,0.15747039556563594,152.892
1496,193.598,0.1056197189480404,196.009
1497,200.25,0.06817143753110277,196.009
1498,115.09,0.17188793456707732,116.037
1499,77.314,0.041683333052665625,79.31
