,X1,X2,KNN_Density,Mode
0,107.705,95.795,0.02597939392412118,"[105.944, 100.408] "
1,85.02,235.536,0.003172890015448163,"[101.552, 214.018] "
2,154.556,125.419,0.008641274885305458,"[157.454, 148.035] "
3,119.904,194.497,0.006095115904998337,"[101.552, 214.018] "
4,131.874,124.638,0.006676140020340325,"[105.944, 100.408] "
5,154.794,122.183,0.00877402227494377,"[157.454, 148.035] "
6,106.263,103.415,0.028433897869419595,"[105.944, 100.408] "
7,99.374,259.269,0.0008893687203103199,"[101.552, 214.018] "
8,85.438,179.066,0.007984933835201321,"[101.552, 214.018] "
9,132.904,142.15,0.009823430323400889,"[157.454, 148.035] "
10,110.431,105.536,0.02187407828102641,"[105.944, 100.408] "
11,81.361,179.947,0.006164464776356151,"[101.552, 214.018] "
12,111.247,79.904,0.008820499829499725,"[105.944, 100.408] "
13,146.653,185.323,0.003917211275244528,"[157.454, 148.035] "
14,86.742,212.188,0.01098752296447235,"[101.552, 214.018] "
15,83.712,196.992,0.012250010213445987,"[101.552, 214.018] "
16,156.203,165.37,0.009858144747435073,"[157.454, 148.035] "
17,130.891,173.559,0.007476565751371512,"[157.454, 148.035] "
18,169.032,140.067,0.009653397746466395,"[157.454, 148.035] "
19,69.983,248.482,0.0009241751847146409,"[101.552, 214.018] "
20,97.908,182.151,0.013218363532226942,"[101.552, 214.018] "
21,106.398,97.083,0.02383998222490925,"[105.944, 100.408] "
22,85.851,198.788,0.01188533645426419,"[101.552, 214.018] "
23,112.662,205.062,0.01273553918051055,"[101.552, 214.018] "
24,94.151,202.448,0.012152794656659256,"[101.552, 214.018] "
25,82.117,97.245,0.012808211354546005,"[105.944, 100.408] "
26,131.087,229.479,0.002425713582777141,"[101.552, 214.018] "
27,158.466,141.936,0.0175194722364106,"[157.454, 148.035] "
28,115.382,131.982,0.007242554369837542,"[105.944, 100.408] "
29,158.892,139.252,0.013963355268600899,"[157.454, 148.035] "
30,104.539,185.925,0.012405759339037025,"[101.552, 214.018] "
31,88.28,189.363,0.01264729914081208,"[101.552, 214.018] "
32,98.658,173.825,0.010019486598901606,"[101.552, 214.018] "
33,82.119,79.27,0.007426615330237716,"[105.944, 100.408] "
34,130.278,181.057,0.006594881078367538,"[157.454, 148.035] "
35,137.014,177.032,0.007812971891294493,"[157.454, 148.035] "
36,113.173,90.376,0.016873483548395723,"[105.944, 100.408] "
37,63.752,99.979,0.003799004460243982,"[105.944, 100.408] "
38,112.176,230.221,0.004288881103616599,"[101.552, 214.018] "
39,111.074,108.743,0.019061717820279638,"[105.944, 100.408] "
40,77.252,121.075,0.007455714417030724,"[105.944, 100.408] "
41,100.894,82.152,0.012274208267538484,"[105.944, 100.408] "
42,119.846,99.145,0.011871155229600035,"[105.944, 100.408] "
43,112.757,74.826,0.006192350302346464,"[105.944, 100.408] "
44,94.954,119.399,0.015452640284476894,"[105.944, 100.408] "
45,185.921,152.23,0.0032635172887194503,"[157.454, 148.035] "
46,162.324,162.055,0.008058577672161664,"[157.454, 148.035] "
47,119.984,71.727,0.004429259505809892,"[105.944, 100.408] "
48,99.712,80.435,0.011810983678602446,"[105.944, 100.408] "
49,88.943,206.5,0.010329687043331015,"[101.552, 214.018] "
50,126.098,89.872,0.006178452248654802,"[105.944, 100.408] "
51,58.073,86.654,0.0024238521576030285,"[105.944, 100.408] "
52,91.024,96.31,0.019592763240480832,"[105.944, 100.408] "
53,109.622,209.599,0.011929352276254027,"[101.552, 214.018] "
54,129.744,226.562,0.0029147104453921546,"[101.552, 214.018] "
55,107.72,108.23,0.022360917552524257,"[105.944, 100.408] "
56,100.568,199.459,0.014724857930889408,"[101.552, 214.018] "
57,96.984,136.767,0.004704984464776471,"[105.944, 100.408] "
58,150.24,155.139,0.014090986315919166,"[157.454, 148.035] "
59,89.531,178.917,0.00923542971276938,"[101.552, 214.018] "
60,54.599,132.986,0.0011142882874957379,"[105.944, 100.408] "
61,85.572,93.057,0.018147090260160842,"[105.944, 100.408] "
62,94.34,187.365,0.013189353427295726,"[101.552, 214.018] "
63,114.849,75.336,0.005930717383251726,"[105.944, 100.408] "
64,99.589,71.862,0.006592762676102575,"[105.944, 100.408] "
65,100.751,214.381,0.013981659921121652,"[101.552, 214.018] "
66,108.382,203.049,0.013523254642776714,"[101.552, 214.018] "
67,129.112,132.745,0.00801517336439264,"[157.454, 148.035] "
68,120.37,233.124,0.0025412337410276984,"[101.552, 214.018] "
69,55.59,120.36,0.0018290496019211645,"[105.944, 100.408] "
70,140.806,200.713,0.002911742140308959,"[101.552, 214.018] "
71,51.618,89.209,0.0015643598038186438,"[105.944, 100.408] "
72,82.648,191.589,0.009953152303674035,"[101.552, 214.018] "
73,99.247,92.186,0.016899272763455597,"[105.944, 100.408] "
74,86.062,225.347,0.0057596493378035945,"[101.552, 214.018] "
75,117.402,178.296,0.006971596100078,"[101.552, 214.018] "
76,128.989,105.55,0.008698508537199062,"[105.944, 100.408] "
77,66.775,106.173,0.004618997552633385,"[105.944, 100.408] "
78,97.535,113.225,0.01530447456310622,"[105.944, 100.408] "
79,108.689,210.719,0.01315056744830046,"[101.552, 214.018] "
80,113.964,196.297,0.009420435496370535,"[101.552, 214.018] "
81,143.277,138.247,0.01078993363068665,"[157.454, 148.035] "
82,91.365,126.513,0.008640365779171186,"[105.944, 100.408] "
83,142.409,131.157,0.008791720759193952,"[157.454, 148.035] "
84,106.189,99.175,0.02964833399488654,"[105.944, 100.408] "
85,155.389,170.808,0.006971143828486096,"[157.454, 148.035] "
86,110.695,105.357,0.022367236972309117,"[105.944, 100.408] "
87,132.541,168.487,0.009335388662289976,"[157.454, 148.035] "
88,98.381,104.925,0.018229174262155964,"[105.944, 100.408] "
89,168.448,158.482,0.007600098561118181,"[157.454, 148.035] "
90,155.455,193.75,0.002313897718594035,"[157.454, 148.035] "
91,95.131,105.037,0.01551472304551529,"[105.944, 100.408] "
92,72.794,121.977,0.005347042608748505,"[105.944, 100.408] "
93,85.659,117.339,0.012796258169371163,"[105.944, 100.408] "
94,100.243,222.799,0.008399274285903147,"[101.552, 214.018] "
95,89.904,218.468,0.009238366863677914,"[101.552, 214.018] "
96,99.594,81.808,0.011863716693401331,"[105.944, 100.408] "
97,104.57,89.479,0.01658620752682765,"[105.944, 100.408] "
98,98.29,72.942,0.006724512492177287,"[105.944, 100.408] "
99,103.964,201.778,0.013659539715309768,"[101.552, 214.018] "
100,65.233,213.088,0.003215302938528055,"[101.552, 214.018] "
101,82.94,70.495,0.006086128072693597,"[105.944, 100.408] "
102,125.114,179.586,0.0070703991869606455,"[157.454, 148.035] "
103,154.732,100.493,0.001947986804337386,"[157.454, 148.035] "
104,117.541,182.274,0.006901434655743232,"[101.552, 214.018] "
105,123.406,181.543,0.0076348745248836745,"[101.552, 214.018] "
106,137.647,210.264,0.0030480165043266167,"[101.552, 214.018] "
107,146.292,140.73,0.012718233439410177,"[157.454, 148.035] "
108,131.749,206.791,0.004346199096772893,"[101.552, 214.018] "
109,133.079,71.958,0.0022126627667644573,"[105.944, 100.408] "
110,93.82,181.784,0.010717644470953719,"[101.552, 214.018] "
111,70.831,187.667,0.00506493692317492,"[101.552, 214.018] "
112,116.459,74.91,0.005469611160365264,"[105.944, 100.408] "
113,94.511,212.977,0.013975536243072583,"[101.552, 214.018] "
114,91.905,92.223,0.018550696074986227,"[105.944, 100.408] "
115,158.717,142.5,0.017142046177141077,"[157.454, 148.035] "
116,182.762,134.942,0.0032594863030029563,"[157.454, 148.035] "
117,130.646,153.39,0.009662732282300556,"[157.454, 148.035] "
118,79.961,104.575,0.014373200053140571,"[105.944, 100.408] "
119,93.893,114.122,0.014734685195513648,"[105.944, 100.408] "
120,83.418,80.087,0.0075367690700041635,"[105.944, 100.408] "
121,118.713,197.705,0.007511150020537385,"[101.552, 214.018] "
122,119.131,139.727,0.00714563648920989,"[157.454, 148.035] "
123,136.871,177.795,0.00799172919961675,"[157.454, 148.035] "
124,101.176,76.08,0.00861712268637904,"[105.944, 100.408] "
125,92.028,192.007,0.013527606720439261,"[101.552, 214.018] "
126,101.209,177.341,0.011061153901123503,"[101.552, 214.018] "
127,93.691,131.295,0.006821313576262608,"[105.944, 100.408] "
128,113.546,154.317,0.004192267499265526,"[157.454, 148.035] "
129,131.504,121.565,0.006825759046760348,"[105.944, 100.408] "
130,126.185,104.021,0.01057971775005797,"[105.944, 100.408] "
131,151.826,144.841,0.015176926615598697,"[157.454, 148.035] "
132,98.686,99.615,0.018759117048129895,"[105.944, 100.408] "
133,92.842,97.901,0.021029756074387226,"[105.944, 100.408] "
134,75.375,90.366,0.006576460600990112,"[105.944, 100.408] "
135,147.282,163.455,0.00957999418245271,"[157.454, 148.035] "
136,87.919,232.967,0.00407463585468323,"[101.552, 214.018] "
137,121.49,218.699,0.004999921476233233,"[101.552, 214.018] "
138,141.739,108.22,0.005008636667681102,"[105.944, 100.408] "
139,87.488,128.303,0.006368628441988929,"[105.944, 100.408] "
140,119.889,180.341,0.007468587308495159,"[101.552, 214.018] "
141,62.896,245.448,0.0008361296875507019,"[101.552, 214.018] "
142,46.884,196.062,0.0011220236072757143,"[101.552, 214.018] "
143,113.707,106.87,0.016146572383816456,"[105.944, 100.408] "
144,123.782,191.943,0.006038322819606927,"[101.552, 214.018] "
145,102.448,174.832,0.008528056944906312,"[101.552, 214.018] "
146,86.764,113.996,0.01399169657170271,"[105.944, 100.408] "
147,68.322,87.866,0.004174879472168987,"[105.944, 100.408] "
148,81.877,119.149,0.011624842073614213,"[105.944, 100.408] "
149,165.142,145.473,0.013264616957921409,"[157.454, 148.035] "
150,58.479,94.192,0.0027625024819358268,"[105.944, 100.408] "
151,111.599,117.487,0.013032175228647235,"[105.944, 100.408] "
152,105.321,173.545,0.00775098833821172,"[101.552, 214.018] "
153,127.779,160.805,0.007497068739836102,"[157.454, 148.035] "
154,76.17,106.199,0.009594438756274817,"[105.944, 100.408] "
155,184.026,190.012,0.0012848250331629729,"[157.454, 148.035] "
156,117.259,181.188,0.007005552467780474,"[101.552, 214.018] "
157,60.365,93.24,0.0031195731126239506,"[105.944, 100.408] "
158,105.868,89.869,0.01954794937026379,"[105.944, 100.408] "
159,114.376,91.775,0.01601589879053857,"[105.944, 100.408] "
160,118.301,83.79,0.009024386482274025,"[105.944, 100.408] "
161,116.451,138.702,0.0060877685400692605,"[157.454, 148.035] "
162,118.071,78.33,0.006423667958342098,"[105.944, 100.408] "
163,80.173,80.767,0.006702231881419237,"[105.944, 100.408] "
164,113.03,101.022,0.01941041335290474,"[105.944, 100.408] "
165,72.838,182.757,0.005082487010726073,"[101.552, 214.018] "
166,186.169,169.379,0.0027344689845535176,"[157.454, 148.035] "
167,95.083,83.324,0.01119922599909275,"[105.944, 100.408] "
168,98.292,195.055,0.015325521588035457,"[101.552, 214.018] "
169,124.287,124.125,0.006878771286357734,"[105.944, 100.408] "
170,151.5,139.942,0.014098737235320586,"[157.454, 148.035] "
171,124.411,84.855,0.006091383347188597,"[105.944, 100.408] "
172,88.132,208.058,0.00995706582913936,"[101.552, 214.018] "
173,97.934,108.586,0.020345872508124006,"[105.944, 100.408] "
174,144.248,140.037,0.012421665869609766,"[157.454, 148.035] "
175,154.628,113.005,0.0045489133323837186,"[157.454, 148.035] "
176,119.086,114.047,0.012431167074015304,"[105.944, 100.408] "
177,98.558,94.84,0.016320374167426294,"[105.944, 100.408] "
178,83.091,82.58,0.007587908691780961,"[105.944, 100.408] "
179,109.023,170.397,0.006576824914522803,"[101.552, 214.018] "
180,119.125,150.873,0.005586929267240707,"[157.454, 148.035] "
181,68.849,193.032,0.005046219204785,"[101.552, 214.018] "
182,74.99,200.556,0.008258514972832162,"[101.552, 214.018] "
183,104.62,193.795,0.0166129445572048,"[101.552, 214.018] "
184,119.254,203.989,0.0091170797512175,"[101.552, 214.018] "
185,107.846,198.898,0.01281161630275096,"[101.552, 214.018] "
186,155.976,166.595,0.009737334904095264,"[157.454, 148.035] "
187,184.159,162.114,0.0029513765581810924,"[157.454, 148.035] "
188,117.853,226.5,0.004221413813034203,"[101.552, 214.018] "
189,137.598,140.008,0.011239179185210961,"[157.454, 148.035] "
190,166.686,122.128,0.004373984549415697,"[157.454, 148.035] "
191,111.491,115.821,0.013703164382680339,"[105.944, 100.408] "
192,78.192,216.42,0.0066710668578923455,"[101.552, 214.018] "
193,95.252,216.196,0.011751731970257775,"[101.552, 214.018] "
194,107.001,188.703,0.009733289851483137,"[101.552, 214.018] "
195,104.411,211.342,0.013919841589975527,"[101.552, 214.018] "
196,146.354,172.619,0.0077596699843394505,"[157.454, 148.035] "
197,137.455,153.965,0.01163423545970707,"[157.454, 148.035] "
198,125.037,211.333,0.005663714215867741,"[101.552, 214.018] "
199,155.633,157.569,0.01586628529405588,"[157.454, 148.035] "
200,110.712,58.928,0.0024460710256886784,"[105.944, 100.408] "
201,66.444,176.073,0.002306859300798789,"[101.552, 214.018] "
202,106.463,204.893,0.015441335925089512,"[101.552, 214.018] "
203,136.833,155.055,0.011098844175246656,"[157.454, 148.035] "
204,129.656,138.092,0.008814545057089599,"[157.454, 148.035] "
205,151.89,149.31,0.01433619695044434,"[157.454, 148.035] "
206,146.166,167.985,0.008784435701686015,"[157.454, 148.035] "
207,122.227,70.509,0.0037466733006762806,"[105.944, 100.408] "
208,111.011,72.416,0.005995655811607769,"[105.944, 100.408] "
209,117.505,175.951,0.008263663898014226,"[101.552, 214.018] "
210,87.615,209.177,0.01092153725180179,"[101.552, 214.018] "
211,74.106,119.944,0.006597972361278518,"[105.944, 100.408] "
212,156.228,127.019,0.009130856254993516,"[157.454, 148.035] "
213,126.837,137.461,0.0091400094710606,"[157.454, 148.035] "
214,123.908,150.99,0.0069059781461702765,"[157.454, 148.035] "
215,154.131,161.555,0.010874850867732636,"[157.454, 148.035] "
216,100.316,120.241,0.016174315122887587,"[105.944, 100.408] "
217,114.789,166.642,0.005117418214202505,"[101.552, 214.018] "
218,147.421,118.126,0.0069559687456638205,"[157.454, 148.035] "
219,118.56,146.35,0.00635057137932366,"[157.454, 148.035] "
220,84.785,106.084,0.013896157351192292,"[105.944, 100.408] "
221,104.657,64.705,0.0038818033577404983,"[105.944, 100.408] "
222,82.975,111.374,0.014359801630828355,"[105.944, 100.408] "
223,157.482,171.099,0.0061887293361576785,"[157.454, 148.035] "
224,79.181,182.896,0.006557504630270392,"[101.552, 214.018] "
225,116.309,141.551,0.006648554762430248,"[157.454, 148.035] "
226,82.188,115.16,0.012807578315811897,"[105.944, 100.408] "
227,85.81,129.248,0.006000873547162264,"[105.944, 100.408] "
228,74.205,107.867,0.008553139173994957,"[105.944, 100.408] "
229,123.243,189.078,0.006324050001050751,"[101.552, 214.018] "
230,105.171,92.138,0.02083479480737745,"[105.944, 100.408] "
231,139.231,170.979,0.008235253047955665,"[157.454, 148.035] "
232,141.887,121.12,0.007492504049398754,"[157.454, 148.035] "
233,79.529,165.607,0.0025263423421294914,"[101.552, 214.018] "
234,126.312,117.049,0.009692473329221142,"[105.944, 100.408] "
235,157.372,147.577,0.018892784224132333,"[157.454, 148.035] "
236,178.306,156.692,0.005585823207511282,"[157.454, 148.035] "
237,119.291,141.327,0.007640896799831952,"[157.454, 148.035] "
238,116.434,114.683,0.012168185002651143,"[105.944, 100.408] "
239,66.323,204.563,0.00393897865048755,"[101.552, 214.018] "
240,97.05,76.851,0.009192693095965744,"[105.944, 100.408] "
241,62.954,95.292,0.0036556889374283175,"[105.944, 100.408] "
242,107.883,63.09,0.0036218158688080355,"[105.944, 100.408] "
243,114.813,219.433,0.007601756388854348,"[101.552, 214.018] "
244,94.903,122.298,0.012538625863905075,"[105.944, 100.408] "
245,81.695,193.288,0.010226951496401921,"[101.552, 214.018] "
246,115.636,124.679,0.008867890826970362,"[105.944, 100.408] "
247,148.725,165.214,0.008983251033877872,"[157.454, 148.035] "
248,95.685,103.685,0.016670556463174713,"[105.944, 100.408] "
249,93.691,193.13,0.011645780677178617,"[101.552, 214.018] "
250,124.48,108.525,0.011568098695871545,"[105.944, 100.408] "
251,102.712,122.294,0.013532865511194531,"[105.944, 100.408] "
252,158.427,111.547,0.0034565904998078156,"[157.454, 148.035] "
253,85.379,125.482,0.00800101888174848,"[105.944, 100.408] "
254,131.544,144.825,0.010957689217076027,"[157.454, 148.035] "
255,91.518,100.584,0.019113447581417756,"[105.944, 100.408] "
256,146.623,148.031,0.014575295847168837,"[157.454, 148.035] "
257,114.804,107.947,0.016742287673554335,"[105.944, 100.408] "
258,105.233,97.87,0.026228258183734563,"[105.944, 100.408] "
259,145.991,121.695,0.008368631873884362,"[157.454, 148.035] "
260,92.755,172.031,0.006813779574571465,"[101.552, 214.018] "
261,160.697,158.778,0.011542173723495875,"[157.454, 148.035] "
262,101.678,108.791,0.020089104015514614,"[105.944, 100.408] "
263,152.107,113.534,0.005639246325781486,"[157.454, 148.035] "
264,92.237,92.658,0.018612717828126672,"[105.944, 100.408] "
265,152.024,125.981,0.009006372900457986,"[157.454, 148.035] "
266,140.128,130.921,0.008368631873884362,"[157.454, 148.035] "
267,78.431,112.052,0.012076628137794821,"[105.944, 100.408] "
268,85.388,103.651,0.014939831100129884,"[105.944, 100.408] "
269,158.689,122.224,0.0067846808067872745,"[157.454, 148.035] "
270,137.299,223.972,0.0022900295021523703,"[101.552, 214.018] "
271,81.873,116.954,0.01268770797849516,"[105.944, 100.408] "
272,118.938,102.098,0.013887260800438648,"[105.944, 100.408] "
273,165.153,162.782,0.0075040023722252516,"[157.454, 148.035] "
274,89.85,101.52,0.020374126000929818,"[105.944, 100.408] "
275,53.915,204.179,0.001839814145507464,"[101.552, 214.018] "
276,126.345,109.075,0.00949944444399058,"[105.944, 100.408] "
277,96.257,88.287,0.0135886312836192,"[105.944, 100.408] "
278,188.057,141.562,0.0026368483070609914,"[157.454, 148.035] "
279,93.137,122.554,0.01203127520364167,"[105.944, 100.408] "
280,95.533,103.406,0.01691585468590656,"[105.944, 100.408] "
281,116.081,129.289,0.008456348969302955,"[105.944, 100.408] "
282,169.302,166.064,0.00611846605797475,"[157.454, 148.035] "
283,174.806,148.066,0.006818795029319342,"[157.454, 148.035] "
284,156.667,178.778,0.0044320400900363585,"[157.454, 148.035] "
285,164.653,145.649,0.014672009645261753,"[157.454, 148.035] "
286,108.22,77.07,0.009346922137988777,"[105.944, 100.408] "
287,112.97,178.359,0.007815000189513746,"[101.552, 214.018] "
288,117.371,206.875,0.009970047385441813,"[101.552, 214.018] "
289,96.979,216.292,0.012541209788303889,"[101.552, 214.018] "
290,153.757,152.892,0.014408414491009306,"[157.454, 148.035] "
291,109.664,124.798,0.010627315446279074,"[105.944, 100.408] "
292,170.886,157.625,0.007289852169306564,"[157.454, 148.035] "
293,69.891,108.377,0.005864959265981108,"[105.944, 100.408] "
294,136.924,189.597,0.004171947291567855,"[157.454, 148.035] "
295,135.239,158.495,0.009335388662289976,"[157.454, 148.035] "
296,78.379,69.468,0.004641832039011852,"[105.944, 100.408] "
297,175.049,142.47,0.007055531584386986,"[157.454, 148.035] "
298,125.001,170.232,0.007663848521397601,"[157.454, 148.035] "
299,96.911,184.138,0.012202912469118992,"[101.552, 214.018] "
300,128.704,113.162,0.008906213651515522,"[105.944, 100.408] "
301,91.096,112.821,0.014589512751854213,"[105.944, 100.408] "
302,133.869,149.139,0.011184226625715709,"[157.454, 148.035] "
303,97.557,92.812,0.01658620752682765,"[105.944, 100.408] "
304,169.865,145.257,0.009747938488909444,"[157.454, 148.035] "
305,100.432,106.778,0.022070022443005804,"[105.944, 100.408] "
306,79.321,117.455,0.011270757000957497,"[105.944, 100.408] "
307,132.041,154.361,0.01019439435740274,"[157.454, 148.035] "
308,53.463,185.167,0.0014025213299861817,"[101.552, 214.018] "
309,150.276,126.724,0.010298328148811696,"[157.454, 148.035] "
310,82.202,108.487,0.012247681832268879,"[105.944, 100.408] "
311,115.811,108.938,0.015142776163616724,"[105.944, 100.408] "
312,157.77,142.642,0.01661808728906267,"[157.454, 148.035] "
313,54.066,74.908,0.0013968366371476441,"[105.944, 100.408] "
314,105.332,76.664,0.009462606377083235,"[105.944, 100.408] "
315,106.367,95.098,0.025734772799271628,"[105.944, 100.408] "
316,126.766,111.603,0.010337613536071145,"[105.944, 100.408] "
317,126.793,117.143,0.009517061474031033,"[105.944, 100.408] "
318,123.19,147.525,0.007995452378577936,"[157.454, 148.035] "
319,90.517,99.869,0.02083454000044165,"[105.944, 100.408] "
320,119.511,125.164,0.00807961236346808,"[105.944, 100.408] "
321,100.378,211.523,0.014343264174368672,"[101.552, 214.018] "
322,78.558,189.977,0.009220183693904137,"[101.552, 214.018] "
323,154.513,142.033,0.014156956964365584,"[157.454, 148.035] "
324,96.536,95.783,0.016940949103120752,"[105.944, 100.408] "
325,112.575,167.054,0.005313268956208099,"[101.552, 214.018] "
326,124.952,139.002,0.010542877206856174,"[157.454, 148.035] "
327,107.92,109.97,0.021282825725879514,"[105.944, 100.408] "
328,71.65,72.017,0.003517794764817832,"[105.944, 100.408] "
329,103.474,217.708,0.011795713204266438,"[101.552, 214.018] "
330,88.67,173.612,0.006773328253517764,"[101.552, 214.018] "
331,121.314,201.504,0.007370453536657223,"[101.552, 214.018] "
332,94.36,193.739,0.012932905405910512,"[101.552, 214.018] "
333,110.32,90.654,0.021081887913420628,"[105.944, 100.408] "
334,114.615,208.809,0.00919907473866463,"[101.552, 214.018] "
335,152.231,143.231,0.014471108829178021,"[157.454, 148.035] "
336,161.492,212.555,0.0010397412553978362,"[101.552, 214.018] "
337,104.361,111.531,0.019687480927752844,"[105.944, 100.408] "
338,156.408,141.524,0.014148042913956993,"[157.454, 148.035] "
339,142.076,140.495,0.011512168321623375,"[157.454, 148.035] "
340,142.832,206.882,0.0026804524264886745,"[101.552, 214.018] "
341,68.585,145.231,0.0013689425404849356,"[105.944, 100.408] "
342,122.512,154.844,0.00640937483361663,"[157.454, 148.035] "
343,89.623,234.021,0.0039513465171458805,"[101.552, 214.018] "
344,61.975,216.793,0.0022826399010764105,"[101.552, 214.018] "
345,73.151,144.122,0.0016616936689423008,"[105.944, 100.408] "
346,93.09,158.557,0.0030267832116224486,"[101.552, 214.018] "
347,169.305,144.955,0.01033435300672054,"[157.454, 148.035] "
348,94.677,183.703,0.011130834331166269,"[101.552, 214.018] "
349,183.745,114.441,0.0012364949771298873,"[157.454, 148.035] "
350,103.572,108.688,0.021123747454192345,"[105.944, 100.408] "
351,91.143,118.173,0.014366807938362475,"[105.944, 100.408] "
352,108.13,139.495,0.005251950095024843,"[105.944, 100.408] "
353,103.815,177.993,0.010784500826006458,"[101.552, 214.018] "
354,141.032,147.221,0.012114606356764155,"[157.454, 148.035] "
355,74.896,86.774,0.005643281240279449,"[105.944, 100.408] "
356,165.401,144.036,0.012164393358479611,"[157.454, 148.035] "
357,112.93,211.534,0.010377364129586543,"[101.552, 214.018] "
358,136.148,138.779,0.010512945536003552,"[157.454, 148.035] "
359,76.94,254.065,0.0008431884169628707,"[101.552, 214.018] "
360,178.789,133.12,0.0038172963775475978,"[157.454, 148.035] "
361,105.183,220.698,0.009519492479301084,"[101.552, 214.018] "
362,132.923,77.702,0.002801214339862159,"[105.944, 100.408] "
363,122.902,132.231,0.008235514025249201,"[157.454, 148.035] "
364,105.473,92.653,0.021313912323772333,"[105.944, 100.408] "
365,94.853,99.869,0.018832126077920258,"[105.944, 100.408] "
366,102.626,113.469,0.01654791305084429,"[105.944, 100.408] "
367,90.533,54.972,0.0022543405230234137,"[105.944, 100.408] "
368,100.532,102.491,0.023013348524598104,"[105.944, 100.408] "
369,118.295,212.754,0.008563276136814282,"[101.552, 214.018] "
370,91.662,207.504,0.009972649012817445,"[101.552, 214.018] "
371,130.345,172.442,0.008527901601250793,"[157.454, 148.035] "
372,126.677,62.737,0.002150884306077606,"[105.944, 100.408] "
373,189.519,122.456,0.001256040648027645,"[157.454, 148.035] "
374,114.883,98.813,0.01558823028754489,"[105.944, 100.408] "
375,103.209,243.921,0.0019920336185155225,"[101.552, 214.018] "
376,60.661,155.221,0.0009467797268727006,"[101.552, 214.018] "
377,88.852,207.197,0.010340092893326516,"[101.552, 214.018] "
378,80.484,69.271,0.00518645271581076,"[105.944, 100.408] "
379,99.483,208.251,0.012742669973423503,"[101.552, 214.018] "
380,105.944,100.408,0.02985259089143717,"[105.944, 100.408] "
381,164.785,191.32,0.0019887488324677083,"[157.454, 148.035] "
382,162.666,153.9,0.012278371556415599,"[157.454, 148.035] "
383,162.329,129.416,0.009053304954240041,"[157.454, 148.035] "
384,103.709,88.723,0.016751468182428855,"[105.944, 100.408] "
385,128.151,136.206,0.008076092947753737,"[157.454, 148.035] "
386,93.57,209.176,0.011900365428091307,"[101.552, 214.018] "
387,108.33,220.206,0.00919413912981389,"[101.552, 214.018] "
388,74.851,103.762,0.008604837615613955,"[105.944, 100.408] "
389,69.691,227.238,0.0027303150428618504,"[101.552, 214.018] "
390,84.503,196.166,0.013527606720439261,"[101.552, 214.018] "
391,141.374,124.293,0.006987556015218719,"[157.454, 148.035] "
392,94.956,102.961,0.01851163356206556,"[105.944, 100.408] "
393,57.996,205.246,0.0024236749082770545,"[101.552, 214.018] "
394,158.28,130.408,0.010971713178922359,"[157.454, 148.035] "
395,77.948,195.82,0.010519180905885776,"[101.552, 214.018] "
396,84.805,208.211,0.009625902302000887,"[101.552, 214.018] "
397,97.828,193.105,0.014862981885740909,"[101.552, 214.018] "
398,95.403,233.286,0.003935363325965076,"[101.552, 214.018] "
399,154.569,137.792,0.01464236527966025,"[157.454, 148.035] "
400,109.054,100.35,0.026268758717615928,"[105.944, 100.408] "
401,84.819,195.805,0.013667605608392626,"[101.552, 214.018] "
402,75.728,205.314,0.008240818267764679,"[101.552, 214.018] "
403,138.763,185.667,0.004794506308918243,"[157.454, 148.035] "
404,100.537,189.708,0.015620145551640317,"[101.552, 214.018] "
405,150.305,123.789,0.009224051651958942,"[157.454, 148.035] "
406,124.867,146.046,0.009257974029586813,"[157.454, 148.035] "
407,96.13,233.803,0.003941697034748827,"[101.552, 214.018] "
408,144.457,95.523,0.0027101249144813326,"[105.944, 100.408] "
409,92.464,172.395,0.007212188009221061,"[101.552, 214.018] "
410,99.406,137.108,0.00455447766959183,"[105.944, 100.408] "
411,52.284,183.215,0.0012562001485607421,"[101.552, 214.018] "
412,147.856,62.063,0.0007756067471141602,"[105.944, 100.408] "
413,104.118,97.728,0.025475017363771956,"[105.944, 100.408] "
414,140.179,171.342,0.008620471691004548,"[157.454, 148.035] "
415,113.539,173.542,0.007802305191068705,"[101.552, 214.018] "
416,112.154,119.897,0.012110475927413598,"[105.944, 100.408] "
417,140.627,171.106,0.009301943120106109,"[157.454, 148.035] "
418,109.293,191.272,0.009823993914468015,"[101.552, 214.018] "
419,89.126,117.821,0.013330080082855524,"[105.944, 100.408] "
420,101.531,116.595,0.015285556979863769,"[105.944, 100.408] "
421,109.579,126.786,0.008806574812623607,"[105.944, 100.408] "
422,64.327,212.618,0.002925286922891827,"[101.552, 214.018] "
423,101.036,216.13,0.011383385243467287,"[101.552, 214.018] "
424,83.135,95.641,0.013982045627245978,"[105.944, 100.408] "
425,111.05,188.699,0.008927764741257308,"[101.552, 214.018] "
426,129.285,204.673,0.005220456293251454,"[101.552, 214.018] "
427,102.331,189.373,0.013943070693334444,"[101.552, 214.018] "
428,126.105,198.152,0.005558012135163605,"[101.552, 214.018] "
429,86.439,64.616,0.004235783624735836,"[105.944, 100.408] "
430,135.77,194.072,0.0046735972749263836,"[101.552, 214.018] "
431,118.9,163.015,0.0049401873486021085,"[101.552, 214.018] "
432,153.643,145.473,0.01706347289417001,"[157.454, 148.035] "
433,105.906,207.686,0.01310670872784256,"[101.552, 214.018] "
434,103.558,125.127,0.010032905824193143,"[105.944, 100.408] "
435,109.914,199.251,0.01220216393907426,"[101.552, 214.018] "
436,101.936,83.499,0.012373068250079569,"[105.944, 100.408] "
437,112.257,94.831,0.02124989321928653,"[105.944, 100.408] "
438,168.419,151.102,0.009817022866869864,"[157.454, 148.035] "
439,89.47,196.675,0.013810804136832994,"[101.552, 214.018] "
440,134.48,98.604,0.005687632946287259,"[105.944, 100.408] "
441,87.865,218.21,0.009664586187305773,"[101.552, 214.018] "
442,124.715,145.991,0.009297800277132047,"[157.454, 148.035] "
443,73.579,82.617,0.005103702097398527,"[105.944, 100.408] "
444,92.829,114.08,0.014264758540289546,"[105.944, 100.408] "
445,105.921,116.037,0.016754367683545646,"[105.944, 100.408] "
446,126.106,201.976,0.005728847692184983,"[101.552, 214.018] "
447,124.229,217.493,0.0048283837659868645,"[101.552, 214.018] "
448,99.98,215.876,0.011587982200998414,"[101.552, 214.018] "
449,116.012,75.91,0.006215006522307521,"[105.944, 100.408] "
450,93.806,167.876,0.005098007642025617,"[101.552, 214.018] "
451,85.468,95.47,0.018612717828126672,"[105.944, 100.408] "
452,107.657,103.549,0.024214007270497873,"[105.944, 100.408] "
453,104.985,208.05,0.01416249952821177,"[101.552, 214.018] "
454,132.283,156.984,0.009427855415276735,"[157.454, 148.035] "
455,107.635,243.525,0.0018569460670181245,"[101.552, 214.018] "
456,135.828,153.727,0.011389826103893717,"[157.454, 148.035] "
457,108.059,118.153,0.013042201315950276,"[105.944, 100.408] "
458,182.14,151.16,0.004595814435535865,"[157.454, 148.035] "
459,102.727,201.319,0.015962256542066997,"[101.552, 214.018] "
460,148.048,154.886,0.015440691700989497,"[157.454, 148.035] "
461,75.879,215.684,0.005996381183955486,"[101.552, 214.018] "
462,127.419,173.177,0.007428132667875658,"[157.454, 148.035] "
463,179.655,116.05,0.0015732602297620056,"[157.454, 148.035] "
464,90.803,130.931,0.006139407627221839,"[105.944, 100.408] "
465,111.124,219.371,0.008415439692754325,"[101.552, 214.018] "
466,84.393,97.61,0.01634796152199915,"[105.944, 100.408] "
467,115.946,135.389,0.007270175309008802,"[157.454, 148.035] "
468,95.812,242.541,0.002024943250965393,"[101.552, 214.018] "
469,83.511,215.461,0.00959319141274681,"[101.552, 214.018] "
470,163.085,138.614,0.011741396447722704,"[157.454, 148.035] "
471,128.59,90.056,0.005307745132821597,"[105.944, 100.408] "
472,81.679,204.021,0.01236248451274303,"[101.552, 214.018] "
473,84.47,110.244,0.013670505599821853,"[105.944, 100.408] "
474,113.668,94.365,0.01801514273631788,"[105.944, 100.408] "
475,114.424,93.564,0.016717607445567627,"[105.944, 100.408] "
476,157.454,148.035,0.0198577608448444,"[157.454, 148.035] "
477,170.264,125.886,0.004637527123620826,"[157.454, 148.035] "
478,144.868,194.956,0.0028736147122452476,"[157.454, 148.035] "
479,120.834,182.768,0.007388279643961164,"[101.552, 214.018] "
480,89.442,221.251,0.007164135392558968,"[101.552, 214.018] "
481,65.09,107.02,0.004027093771426152,"[105.944, 100.408] "
482,87.944,95.738,0.01957618000955276,"[105.944, 100.408] "
483,132.077,95.292,0.005963081666937743,"[105.944, 100.408] "
484,97.336,181.887,0.012347169666323063,"[101.552, 214.018] "
485,135.108,48.868,0.0007976505776543606,"[105.944, 100.408] "
486,105.464,66.658,0.004486493194642608,"[105.944, 100.408] "
487,100.231,77.952,0.010359155012012983,"[105.944, 100.408] "
488,94.999,190.631,0.014223107822450414,"[101.552, 214.018] "
489,51.818,92.104,0.0016907775547480618,"[105.944, 100.408] "
490,170.618,188.561,0.001929206457192914,"[157.454, 148.035] "
491,124.105,105.057,0.011925689075557204,"[105.944, 100.408] "
492,147.806,186.564,0.0034496984106339116,"[157.454, 148.035] "
493,135.583,128.515,0.00685807927104325,"[157.454, 148.035] "
494,180.334,135.103,0.003830113258172602,"[157.454, 148.035] "
495,149.262,130.945,0.011634041498602721,"[157.454, 148.035] "
496,103.371,230.387,0.004945269221940032,"[101.552, 214.018] "
497,165.358,173.852,0.00465178346842958,"[157.454, 148.035] "
498,131.238,93.466,0.005587428420152943,"[105.944, 100.408] "
499,97.562,196.068,0.01591538718094504,"[101.552, 214.018] "
500,93.55,119.188,0.014200509201858927,"[105.944, 100.408] "
501,166.131,175.912,0.004585852319082943,"[157.454, 148.035] "
502,114.044,79.424,0.00750753743620405,"[105.944, 100.408] "
503,134.183,154.745,0.010760599526802648,"[157.454, 148.035] "
504,206.328,156.661,0.0009030154009502393,"[157.454, 148.035] "
505,119.367,85.649,0.009248029753501147,"[105.944, 100.408] "
506,106.095,69.164,0.005857114359771303,"[105.944, 100.408] "
507,84.447,126.94,0.00695064784938163,"[105.944, 100.408] "
508,82.635,68.753,0.005334908795919672,"[105.944, 100.408] "
509,112.568,80.994,0.009012368267790186,"[105.944, 100.408] "
510,90.771,183.967,0.009927110390499922,"[101.552, 214.018] "
511,52.423,97.481,0.0017697600442881743,"[105.944, 100.408] "
512,76.415,191.684,0.00878428129461262,"[101.552, 214.018] "
513,143.644,226.923,0.0015029579489950463,"[101.552, 214.018] "
514,82.747,211.021,0.01114856533572119,"[101.552, 214.018] "
515,109.655,210.802,0.01323001187975682,"[101.552, 214.018] "
516,151.637,142.491,0.013869949280508134,"[157.454, 148.035] "
517,82.315,161.555,0.0025514269897698237,"[101.552, 214.018] "
518,144.181,152.878,0.013321189736769289,"[157.454, 148.035] "
519,178.739,104.699,0.0010743174363380807,"[157.454, 148.035] "
520,109.648,117.216,0.01354550928778322,"[105.944, 100.408] "
521,101.783,231.563,0.004457033384762298,"[101.552, 214.018] "
522,158.28,142.517,0.01791312777899785,"[157.454, 148.035] "
523,79.236,74.839,0.005858371113187518,"[105.944, 100.408] "
524,50.249,138.263,0.0007731019852443362,"[105.944, 100.408] "
525,84.257,186.852,0.010190445153291821,"[101.552, 214.018] "
526,112.187,68.025,0.004601858733079399,"[105.944, 100.408] "
527,83.193,246.624,0.001474551950201492,"[101.552, 214.018] "
528,127.796,214.179,0.004931615336745705,"[101.552, 214.018] "
529,136.301,140.674,0.010737206044557404,"[157.454, 148.035] "
530,140.342,138.374,0.012605792697058436,"[157.454, 148.035] "
531,95.087,75.816,0.009462606377083235,"[105.944, 100.408] "
532,109.132,101.258,0.022797808109298826,"[105.944, 100.408] "
533,113.488,151.186,0.004594945175250827,"[157.454, 148.035] "
534,65.983,189.767,0.0036688949541185045,"[101.552, 214.018] "
535,157.791,148.965,0.01848093172578304,"[157.454, 148.035] "
536,164.803,141.266,0.011105037149347598,"[157.454, 148.035] "
537,55.891,105.27,0.0024123651197208067,"[105.944, 100.408] "
538,131.416,71.197,0.0024003016353451884,"[105.944, 100.408] "
539,101.511,89.733,0.015468171591892305,"[105.944, 100.408] "
540,105.411,178.864,0.010067044401635571,"[101.552, 214.018] "
541,132.381,96.529,0.005882662853697166,"[105.944, 100.408] "
542,181.057,164.602,0.00390244487234666,"[157.454, 148.035] "
543,99.765,74.471,0.007560693809789315,"[105.944, 100.408] "
544,99.902,229.482,0.00552091561337902,"[101.552, 214.018] "
545,113.72,108.463,0.016918010499486477,"[105.944, 100.408] "
546,77.432,235.164,0.0025398818276801717,"[101.552, 214.018] "
547,167.25,154.004,0.010589855591857785,"[157.454, 148.035] "
548,113.2,232.158,0.0035657047366347543,"[101.552, 214.018] "
549,97.616,193.163,0.014551368644984445,"[101.552, 214.018] "
550,108.646,104.041,0.024409294463745016,"[105.944, 100.408] "
551,104.411,105.903,0.024009951452598523,"[105.944, 100.408] "
552,167.763,141.385,0.010611249346214375,"[157.454, 148.035] "
553,97.501,195.207,0.015082271528849165,"[101.552, 214.018] "
554,101.581,86.494,0.01294010242686316,"[105.944, 100.408] "
555,122.279,105.984,0.012594153577289992,"[105.944, 100.408] "
556,169.557,161.548,0.007311850886324643,"[157.454, 148.035] "
557,111.32,109.194,0.018556576682733618,"[105.944, 100.408] "
558,131.013,134.673,0.008650609653012892,"[157.454, 148.035] "
559,139.036,216.138,0.0027069150649229874,"[101.552, 214.018] "
560,135.111,97.034,0.00488497760889912,"[105.944, 100.408] "
561,95.994,212.339,0.012467913046530173,"[101.552, 214.018] "
562,143.458,156.603,0.013084712456574292,"[157.454, 148.035] "
563,175.379,170.712,0.004875011315510648,"[157.454, 148.035] "
564,131.857,132.115,0.008907696559815536,"[157.454, 148.035] "
565,77.486,171.994,0.003395610954842645,"[101.552, 214.018] "
566,107.064,133.786,0.00642314057145911,"[105.944, 100.408] "
567,91.617,196.63,0.015638474011467826,"[101.552, 214.018] "
568,119.234,196.123,0.006903438356192482,"[101.552, 214.018] "
569,128.398,76.478,0.0034204582774466042,"[105.944, 100.408] "
570,178.544,163.927,0.0048629026652392505,"[157.454, 148.035] "
571,130.916,99.647,0.00831663214987104,"[105.944, 100.408] "
572,95.71,212.66,0.01252120183804233,"[101.552, 214.018] "
573,121.806,227.922,0.0035009803200023435,"[101.552, 214.018] "
574,161.45,157.571,0.012060881108634219,"[157.454, 148.035] "
575,108.742,213.491,0.015072326745375071,"[101.552, 214.018] "
576,92.487,150.51,0.0022650109107727324,"[105.944, 100.408] "
577,108.733,209.331,0.013334520816860476,"[101.552, 214.018] "
578,110.703,120.696,0.01114611225666516,"[105.944, 100.408] "
579,90.817,97.661,0.020530996867565324,"[105.944, 100.408] "
580,90.721,213.196,0.013236176970651024,"[101.552, 214.018] "
581,140.313,194.175,0.0037599147494977304,"[157.454, 148.035] "
582,87.399,79.951,0.008812608749244314,"[105.944, 100.408] "
583,97.174,191.187,0.015283966935277301,"[101.552, 214.018] "
584,96.85,196.592,0.014663593197083949,"[101.552, 214.018] "
585,114.364,225.007,0.005696421086738143,"[101.552, 214.018] "
586,147.507,167.045,0.008264497233938852,"[157.454, 148.035] "
587,186.464,162.473,0.002911457231422591,"[157.454, 148.035] "
588,125.015,157.111,0.007789834927555511,"[157.454, 148.035] "
589,66.76,187.143,0.003673830562787496,"[101.552, 214.018] "
590,82.491,192.659,0.010095634226772385,"[101.552, 214.018] "
591,100.121,94.596,0.01738645126012651,"[105.944, 100.408] "
592,85.452,112.603,0.01401152868580268,"[105.944, 100.408] "
593,147.904,134.076,0.009882547504121134,"[157.454, 148.035] "
594,172.247,127.923,0.004660867584146016,"[157.454, 148.035] "
595,83.939,198.678,0.010926207030928973,"[101.552, 214.018] "
596,83.542,143.73,0.0022565205676332587,"[105.944, 100.408] "
597,138.093,172.735,0.008761965778565512,"[157.454, 148.035] "
598,121.133,119.613,0.008392945628483934,"[105.944, 100.408] "
599,139.628,113.763,0.005918178950770317,"[105.944, 100.408] "
600,150.096,131.353,0.01183639012448304,"[157.454, 148.035] "
601,106.991,93.423,0.022911344552255037,"[105.944, 100.408] "
602,102.439,219.549,0.010692656951496769,"[101.552, 214.018] "
603,115.226,83.265,0.01058881285780062,"[105.944, 100.408] "
604,98.206,196.831,0.017352864583988593,"[101.552, 214.018] "
605,91.76,74.382,0.008659492767613266,"[105.944, 100.408] "
606,153.316,132.756,0.011176529823843368,"[157.454, 148.035] "
607,125.369,210.334,0.005283685485599209,"[101.552, 214.018] "
608,152.83,153.391,0.01552992844725247,"[157.454, 148.035] "
609,118.304,152.169,0.005167690710899735,"[157.454, 148.035] "
610,130.393,136.274,0.008175078461337413,"[157.454, 148.035] "
611,187.967,144.105,0.002599058156943769,"[157.454, 148.035] "
612,143.937,146.139,0.013641550525915962,"[157.454, 148.035] "
613,112.852,104.467,0.021664420210720303,"[105.944, 100.408] "
614,103.564,206.848,0.013722516715054624,"[101.552, 214.018] "
615,161.255,149.053,0.01568064030201161,"[157.454, 148.035] "
616,155.362,104.371,0.0025241995452134525,"[157.454, 148.035] "
617,153.654,152.251,0.014871356593850188,"[157.454, 148.035] "
618,126.912,220.753,0.003981353442629338,"[101.552, 214.018] "
619,140.98,171.6,0.008446610189083395,"[157.454, 148.035] "
620,98.017,197.48,0.01748898901995794,"[101.552, 214.018] "
621,135.469,170.61,0.008456989674480725,"[157.454, 148.035] "
622,181.126,166.882,0.004028854981687239,"[157.454, 148.035] "
623,79.926,56.38,0.0017732764109713913,"[105.944, 100.408] "
624,88.816,93.082,0.018403960679569974,"[105.944, 100.408] "
625,115.335,132.668,0.007541122968982337,"[105.944, 100.408] "
626,147.725,153.365,0.014576197707581066,"[157.454, 148.035] "
627,102.756,198.957,0.014525716262705745,"[101.552, 214.018] "
628,103.893,77.971,0.009813430975663088,"[105.944, 100.408] "
629,147.693,158.239,0.012647139348609606,"[157.454, 148.035] "
630,110.307,211.963,0.013479465113257158,"[101.552, 214.018] "
631,123.361,102.747,0.011245362623304687,"[105.944, 100.408] "
632,114.022,92.354,0.01568260170598476,"[105.944, 100.408] "
633,84.576,59.82,0.0026997845056305663,"[105.944, 100.408] "
634,101.896,101.739,0.0236052613011546,"[105.944, 100.408] "
635,60.769,204.169,0.003118873557684712,"[101.552, 214.018] "
636,110.543,182.065,0.0108679821540343,"[101.552, 214.018] "
637,127.22,125.876,0.007373442328049384,"[105.944, 100.408] "
638,121.871,198.428,0.0059696270271950465,"[101.552, 214.018] "
639,162.508,175.8,0.004068808532506315,"[157.454, 148.035] "
640,102.218,173.589,0.007889036660187683,"[101.552, 214.018] "
641,146.751,155.356,0.014697011193758111,"[157.454, 148.035] "
642,105.541,96.229,0.0249783525107965,"[105.944, 100.408] "
643,107.16,176.582,0.009309497271693567,"[101.552, 214.018] "
644,86.144,163.042,0.0030723572704170255,"[101.552, 214.018] "
645,60.633,220.655,0.0018514973483975126,"[101.552, 214.018] "
646,99.455,142.493,0.0035404748948731257,"[105.944, 100.408] "
647,143.559,188.606,0.003796562071811866,"[157.454, 148.035] "
648,99.103,106.452,0.018131447701452825,"[105.944, 100.408] "
649,100.553,129.214,0.010202979190340338,"[105.944, 100.408] "
650,127.845,175.649,0.00861602081175703,"[157.454, 148.035] "
651,90.105,183.619,0.010098566655902266,"[101.552, 214.018] "
652,91.31,115.422,0.014932679672204373,"[105.944, 100.408] "
653,115.515,105.995,0.015225320816921862,"[105.944, 100.408] "
654,101.561,159.868,0.003483144880798279,"[101.552, 214.018] "
655,81.429,112.169,0.011799319533242501,"[105.944, 100.408] "
656,76.378,111.706,0.011294070408612807,"[105.944, 100.408] "
657,66.222,73.685,0.0027621778413287382,"[105.944, 100.408] "
658,149.363,152.783,0.01446304506136699,"[157.454, 148.035] "
659,159.504,156.325,0.0138349163821113,"[157.454, 148.035] "
660,116.028,101.13,0.016390230943762747,"[105.944, 100.408] "
661,144.934,188.298,0.003810430241927718,"[157.454, 148.035] "
662,113.354,91.72,0.01660328280439676,"[105.944, 100.408] "
663,149.628,160.653,0.011224992148679256,"[157.454, 148.035] "
664,126.728,109.915,0.009865520622021083,"[105.944, 100.408] "
665,69.743,201.676,0.005005980294238908,"[101.552, 214.018] "
666,119.403,236.856,0.002300622969359449,"[101.552, 214.018] "
667,106.141,113.084,0.015050199035872212,"[105.944, 100.408] "
668,116.606,125.568,0.008437906488234547,"[105.944, 100.408] "
669,69.258,117.122,0.005310677586219922,"[105.944, 100.408] "
670,105.01,131.152,0.007803951624552509,"[105.944, 100.408] "
671,121.864,218.719,0.005012057305778224,"[101.552, 214.018] "
672,80.448,110.364,0.013191716562355795,"[105.944, 100.408] "
673,106.809,94.603,0.026252208007584966,"[105.944, 100.408] "
674,79.313,88.078,0.008538905126043937,"[105.944, 100.408] "
675,81.189,189.515,0.009283088173008646,"[101.552, 214.018] "
676,178.709,173.743,0.0036826305324503773,"[157.454, 148.035] "
677,146.313,122.976,0.007952837700134458,"[157.454, 148.035] "
678,130.824,230.383,0.002240002139650047,"[101.552, 214.018] "
679,157.188,181.776,0.004248292130273758,"[157.454, 148.035] "
680,95.967,203.727,0.012463460716424419,"[101.552, 214.018] "
681,112.578,88.121,0.01408451934141125,"[105.944, 100.408] "
682,109.506,178.59,0.010302067646611037,"[101.552, 214.018] "
683,118.205,223.56,0.005079524708669825,"[101.552, 214.018] "
684,164.814,167.126,0.0061183756148370915,"[157.454, 148.035] "
685,67.416,75.31,0.003283420601125819,"[105.944, 100.408] "
686,85.564,219.299,0.00808301103606634,"[101.552, 214.018] "
687,94.879,118.955,0.0143943795129978,"[105.944, 100.408] "
688,78.308,207.761,0.009710307728585419,"[101.552, 214.018] "
689,95.632,169.216,0.005937532702816837,"[101.552, 214.018] "
690,132.04,168.593,0.009568194281189796,"[157.454, 148.035] "
691,131.95,79.661,0.0033338381208760084,"[105.944, 100.408] "
692,152.545,125.578,0.009053304954240041,"[157.454, 148.035] "
693,130.714,185.212,0.005366883597532865,"[157.454, 148.035] "
694,146.65,135.776,0.009903263143031532,"[157.454, 148.035] "
695,107.546,197.909,0.012598185057587523,"[101.552, 214.018] "
696,101.552,214.018,0.01617595034112657,"[101.552, 214.018] "
697,147.729,150.334,0.013768164080718615,"[157.454, 148.035] "
698,86.806,104.613,0.013754052373643431,"[105.944, 100.408] "
699,128.682,162.114,0.008042911053800538,"[157.454, 148.035] "
700,102.335,111.474,0.017909866946882087,"[105.944, 100.408] "
701,88.599,163.455,0.00347011223734491,"[101.552, 214.018] "
702,117.903,92.607,0.01137260573100175,"[105.944, 100.408] "
703,128.365,147.665,0.009444443368827275,"[157.454, 148.035] "
704,92.548,113.054,0.014095589351955016,"[105.944, 100.408] "
705,110.509,101.118,0.02198939798767542,"[105.944, 100.408] "
706,94.338,66.684,0.005139831347639156,"[105.944, 100.408] "
707,147.479,120.273,0.0077237671305528,"[157.454, 148.035] "
708,141.941,107.362,0.004790476785088417,"[105.944, 100.408] "
709,104.821,168.69,0.006254074451329102,"[101.552, 214.018] "
710,158.865,173.447,0.005232915909736277,"[157.454, 148.035] "
711,70.428,203.977,0.005829364633881324,"[101.552, 214.018] "
712,147.504,181.269,0.004942611706175461,"[157.454, 148.035] "
713,94.932,92.734,0.01605788623909322,"[105.944, 100.408] "
714,165.694,130.452,0.00736146521190175,"[157.454, 148.035] "
715,129.618,119.2,0.007432056179566684,"[105.944, 100.408] "
716,191.572,169.434,0.001971182106081923,"[157.454, 148.035] "
717,162.061,139.01,0.01273123860068764,"[157.454, 148.035] "
718,114.228,169.943,0.006229671452921184,"[101.552, 214.018] "
719,177.737,181.525,0.002430366966673844,"[157.454, 148.035] "
720,160.919,143.142,0.0156492632045196,"[157.454, 148.035] "
721,153.444,171.465,0.006773178740495562,"[157.454, 148.035] "
722,126.869,65.041,0.0023642413992320155,"[105.944, 100.408] "
723,171.836,155.265,0.007498888064877743,"[157.454, 148.035] "
724,104.033,105.838,0.02234671577580922,"[105.944, 100.408] "
725,107.219,130.646,0.008224425964470006,"[105.944, 100.408] "
726,127.132,179.176,0.007348167407096189,"[157.454, 148.035] "
727,114.604,208.487,0.009783172610482118,"[101.552, 214.018] "
728,85.9,192.008,0.011808058125874628,"[101.552, 214.018] "
729,108.269,207.809,0.013167356348652081,"[101.552, 214.018] "
730,84.738,193.924,0.013519074420355187,"[101.552, 214.018] "
731,136.491,170.085,0.008031011139156979,"[157.454, 148.035] "
732,109.412,91.224,0.025787013195988227,"[105.944, 100.408] "
733,86.074,109.133,0.01384735739454771,"[105.944, 100.408] "
734,118.077,105.55,0.014199397769462042,"[105.944, 100.408] "
735,90.409,77.877,0.009067836804508822,"[105.944, 100.408] "
736,78.979,68.099,0.004379341350564349,"[105.944, 100.408] "
737,94.905,200.109,0.011944583296907327,"[101.552, 214.018] "
738,92.569,75.264,0.008529594032095519,"[105.944, 100.408] "
739,107.378,176.811,0.009738444753427987,"[101.552, 214.018] "
740,150.771,132.258,0.011570934252852298,"[157.454, 148.035] "
741,123.556,208.495,0.006635763077484813,"[101.552, 214.018] "
742,91.353,170.373,0.00550390116789974,"[101.552, 214.018] "
743,111.301,98.217,0.023935693408660547,"[105.944, 100.408] "
744,114.117,138.883,0.006104242739265746,"[157.454, 148.035] "
745,135.799,163.087,0.010491834871151306,"[157.454, 148.035] "
746,104.322,229.232,0.005247917252520103,"[101.552, 214.018] "
747,109.311,228.015,0.004902896660764557,"[101.552, 214.018] "
748,193.23,131.765,0.001527962302994168,"[157.454, 148.035] "
749,145.813,125.996,0.009327067993551503,"[157.454, 148.035] "
750,117.338,197.482,0.00814350703078231,"[101.552, 214.018] "
751,105.214,102.218,0.027179522512866455,"[105.944, 100.408] "
752,153.779,133.339,0.011318969138921161,"[157.454, 148.035] "
753,158.383,151.55,0.014996359633698888,"[157.454, 148.035] "
754,177.782,169.854,0.004677890035080048,"[157.454, 148.035] "
755,91.927,196.379,0.014473132041495286,"[101.552, 214.018] "
756,95.543,218.128,0.012033563292722262,"[101.552, 214.018] "
757,85.183,117.502,0.013281622840056162,"[105.944, 100.408] "
758,140.379,146.396,0.013171751072345217,"[157.454, 148.035] "
759,107.842,192.24,0.01000210994509287,"[101.552, 214.018] "
760,180.553,186.814,0.0017503795334814587,"[157.454, 148.035] "
761,86.912,210.622,0.011435637083973337,"[101.552, 214.018] "
762,190.104,173.402,0.0017916913039151717,"[157.454, 148.035] "
763,161.639,178.349,0.0038243310219165843,"[157.454, 148.035] "
764,96.021,185.104,0.012437954971841761,"[101.552, 214.018] "
765,101.794,60.959,0.0033584450426320167,"[105.944, 100.408] "
766,123.243,137.943,0.0092449997032355,"[157.454, 148.035] "
767,83.838,67.121,0.005196931860313583,"[105.944, 100.408] "
768,132.551,105.38,0.010211471716413716,"[105.944, 100.408] "
769,135.76,169.153,0.008552833099450432,"[157.454, 148.035] "
770,141.797,155.384,0.012078043291282254,"[157.454, 148.035] "
771,148.218,169.329,0.008251780641429916,"[157.454, 148.035] "
772,151.786,177.857,0.0049940269190735746,"[157.454, 148.035] "
773,131.99,96.882,0.006207517842920336,"[105.944, 100.408] "
774,58.537,67.422,0.0014927362528440139,"[105.944, 100.408] "
775,93.626,87.819,0.012317952669547954,"[105.944, 100.408] "
776,133.494,124.9,0.0064913719280880544,"[105.944, 100.408] "
777,140.946,149.871,0.01278460953929522,"[157.454, 148.035] "
778,170.095,149.615,0.009192563973212926,"[157.454, 148.035] "
779,112.441,86.513,0.014267532353948103,"[105.944, 100.408] "
780,78.486,190.571,0.0089347746351862,"[101.552, 214.018] "
781,110.828,104.584,0.02296117192351978,"[105.944, 100.408] "
782,110.713,97.092,0.024037136606869222,"[105.944, 100.408] "
783,98.924,222.016,0.010218206530635635,"[101.552, 214.018] "
784,79.751,111.281,0.011415929102513926,"[105.944, 100.408] "
785,120.545,105.141,0.01242880083760176,"[105.944, 100.408] "
786,99.475,200.841,0.013506746633450153,"[101.552, 214.018] "
787,79.533,55.418,0.0017096120296727375,"[105.944, 100.408] "
788,152.204,202.137,0.001918040469706398,"[157.454, 148.035] "
789,105.706,104.757,0.02753976535569118,"[105.944, 100.408] "
790,163.922,141.208,0.012801379025995301,"[157.454, 148.035] "
791,94.484,85.921,0.013351896920685447,"[105.944, 100.408] "
792,101.316,141.994,0.0038810395403219176,"[105.944, 100.408] "
793,143.581,148.465,0.012930849437844286,"[157.454, 148.035] "
794,80.984,220.298,0.006085044151102719,"[101.552, 214.018] "
795,157.413,102.541,0.002056182095601535,"[157.454, 148.035] "
796,114.67,208.658,0.009442538137632553,"[101.552, 214.018] "
797,106.572,208.246,0.01413601269956762,"[101.552, 214.018] "
798,84.711,185.341,0.009131839656584389,"[101.552, 214.018] "
799,103.15,104.649,0.022233029945112222,"[105.944, 100.408] "
800,105.475,198.167,0.014364571473733642,"[101.552, 214.018] "
801,106.356,98.899,0.028786368986441123,"[105.944, 100.408] "
802,85.694,222.275,0.006609670115264253,"[101.552, 214.018] "
803,80.554,211.729,0.009815241332491636,"[101.552, 214.018] "
804,106.555,181.212,0.010565599131913473,"[101.552, 214.018] "
805,77.371,196.126,0.011148052660948182,"[101.552, 214.018] "
806,82.046,120.982,0.010732296232196657,"[105.944, 100.408] "
807,121.057,120.109,0.008201435052659503,"[105.944, 100.408] "
808,146.546,59.059,0.0007792823455622439,"[105.944, 100.408] "
809,109.851,131.847,0.007975456394295852,"[105.944, 100.408] "
810,104.96,92.042,0.020485754943499537,"[105.944, 100.408] "
811,106.533,101.266,0.029361224539230728,"[105.944, 100.408] "
812,128.335,167.008,0.006688630658249637,"[157.454, 148.035] "
813,100.823,216.83,0.01122920529443107,"[101.552, 214.018] "
814,141.526,114.778,0.00598748113494381,"[157.454, 148.035] "
815,88.85,202.236,0.01349876702262009,"[101.552, 214.018] "
816,104.186,177.409,0.009762545793905762,"[101.552, 214.018] "
817,122.175,146.691,0.007474923798384336,"[157.454, 148.035] "
818,85.257,150.461,0.002176796589133889,"[105.944, 100.408] "
819,109.488,102.95,0.02322511089700144,"[105.944, 100.408] "
820,127.737,202.53,0.005846413148068685,"[101.552, 214.018] "
821,95.197,109.264,0.018315763692800812,"[105.944, 100.408] "
822,82.379,198.618,0.01122684529116412,"[101.552, 214.018] "
823,151.938,124.253,0.009022152904019023,"[157.454, 148.035] "
824,132.115,141.545,0.010636015315564223,"[157.454, 148.035] "
825,90.474,108.498,0.014924980629613931,"[105.944, 100.408] "
826,150.626,91.574,0.0019769542762878172,"[105.944, 100.408] "
827,106.545,176.167,0.009057476709264725,"[101.552, 214.018] "
828,89.165,79.261,0.008676695480526256,"[105.944, 100.408] "
829,90.639,197.64,0.013841223942892422,"[101.552, 214.018] "
830,60.728,187.591,0.0023676804216342584,"[101.552, 214.018] "
831,159.986,152.459,0.013794929135793872,"[157.454, 148.035] "
832,77.689,227.932,0.003489032660217177,"[101.552, 214.018] "
833,128.968,121.213,0.0072461917186535845,"[105.944, 100.408] "
834,99.33,181.293,0.011975700680582648,"[101.552, 214.018] "
835,100.36,176.349,0.011236472186405349,"[101.552, 214.018] "
836,100.587,148.811,0.002825989336406187,"[105.944, 100.408] "
837,80.462,231.937,0.003394398782407426,"[101.552, 214.018] "
838,86.102,79.31,0.007751117387518126,"[105.944, 100.408] "
839,78.306,106.18,0.010597941587240561,"[105.944, 100.408] "
840,91.24,219.692,0.009520778470640796,"[101.552, 214.018] "
841,100.018,114.136,0.01728140871407775,"[105.944, 100.408] "
842,175.877,145.182,0.006751761502505119,"[157.454, 148.035] "
843,159.428,135.01,0.010800693188488846,"[157.454, 148.035] "
844,116.213,96.968,0.013557117416824693,"[105.944, 100.408] "
845,133.938,171.948,0.009263902790533025,"[157.454, 148.035] "
846,82.229,100.03,0.013374698243401921,"[105.944, 100.408] "
847,93.717,122.559,0.012615396501028947,"[105.944, 100.408] "
848,73.447,215.703,0.005176514136726222,"[101.552, 214.018] "
849,143.807,155.302,0.013139482173007514,"[157.454, 148.035] "
850,107.81,111.389,0.019202242821961604,"[105.944, 100.408] "
851,176.211,136.456,0.005651350978056704,"[157.454, 148.035] "
852,161.781,168.982,0.005597046774240037,"[157.454, 148.035] "
853,138.303,141.431,0.011638797372378573,"[157.454, 148.035] "
854,59.626,79.039,0.0021953536499146288,"[105.944, 100.408] "
855,102.833,187.318,0.01299259254620424,"[101.552, 214.018] "
856,86.39,186.692,0.011240729082231232,"[101.552, 214.018] "
857,91.863,140.422,0.0031163472670413576,"[105.944, 100.408] "
858,163.856,165.4,0.006934953094265791,"[157.454, 148.035] "
859,82.296,180.668,0.007426461782963514,"[101.552, 214.018] "
860,111.054,182.771,0.011330154469660927,"[101.552, 214.018] "
861,100.599,98.505,0.02140567744495321,"[105.944, 100.408] "
862,87.699,102.509,0.016083333541076373,"[105.944, 100.408] "
863,88.315,149.302,0.002264277760039678,"[105.944, 100.408] "
864,142.088,148.397,0.013079331837101351,"[157.454, 148.035] "
865,89.525,72.779,0.007511990112778706,"[105.944, 100.408] "
866,103.719,216.357,0.013943887843174773,"[101.552, 214.018] "
867,105.443,184.491,0.013713727824165002,"[101.552, 214.018] "
868,85.301,207.458,0.009669066528979177,"[101.552, 214.018] "
869,94.763,116.788,0.0161000594220993,"[105.944, 100.408] "
870,110.942,114.09,0.015076910713856273,"[105.944, 100.408] "
871,60.394,188.432,0.002337714082508155,"[101.552, 214.018] "
872,153.105,151.332,0.016257767554893537,"[157.454, 148.035] "
873,89.282,120.133,0.01401152868580268,"[105.944, 100.408] "
874,176.009,197.147,0.0011020387631158637,"[157.454, 148.035] "
875,135.089,164.471,0.009133715243804475,"[157.454, 148.035] "
876,121.344,196.42,0.006039366633019963,"[101.552, 214.018] "
877,128.878,185.348,0.005826580569227801,"[157.454, 148.035] "
878,156.349,144.891,0.017891934682629732,"[157.454, 148.035] "
879,141.987,218.974,0.0021481637287001118,"[101.552, 214.018] "
880,73.78,204.246,0.006990543926183773,"[101.552, 214.018] "
881,148.024,176.536,0.005912217219685023,"[157.454, 148.035] "
882,87.0,229.149,0.004573781952126267,"[101.552, 214.018] "
883,71.186,206.115,0.00572307436160493,"[101.552, 214.018] "
884,74.104,75.437,0.004814205835607005,"[105.944, 100.408] "
885,126.3,121.518,0.007585158920532983,"[105.944, 100.408] "
886,150.646,181.777,0.004407516411001702,"[157.454, 148.035] "
887,177.345,130.763,0.003947307720808777,"[157.454, 148.035] "
888,137.949,156.259,0.011022996461816578,"[157.454, 148.035] "
889,97.833,109.798,0.018339976133822287,"[105.944, 100.408] "
890,154.867,163.429,0.010366503910136425,"[157.454, 148.035] "
891,93.148,82.762,0.010982304542160357,"[105.944, 100.408] "
892,125.08,232.378,0.0022686443316514825,"[101.552, 214.018] "
893,88.989,122.152,0.012246371222634351,"[105.944, 100.408] "
894,187.394,173.169,0.0021393767451711753,"[157.454, 148.035] "
895,103.722,71.105,0.007185141495267026,"[105.944, 100.408] "
896,105.421,157.282,0.003355185376089022,"[101.552, 214.018] "
897,96.162,236.905,0.0031199938431289505,"[101.552, 214.018] "
898,91.387,107.474,0.015647343183617535,"[105.944, 100.408] "
899,89.52,183.395,0.00993497518998255,"[101.552, 214.018] "
900,82.087,236.447,0.002733095836415469,"[101.552, 214.018] "
901,83.494,110.205,0.014290526314225034,"[105.944, 100.408] "
902,71.225,86.104,0.005028158770167065,"[105.944, 100.408] "
903,161.874,129.044,0.0088420779066996,"[157.454, 148.035] "
904,74.115,208.115,0.006479300123106049,"[101.552, 214.018] "
905,99.963,236.57,0.00296044386645396,"[101.552, 214.018] "
906,113.283,207.019,0.010856703210293478,"[101.552, 214.018] "
907,85.975,223.817,0.0058506834668964275,"[101.552, 214.018] "
908,78.447,225.135,0.00446635513214331,"[101.552, 214.018] "
909,73.954,125.051,0.00463346592490314,"[105.944, 100.408] "
910,122.113,100.005,0.010775047206020554,"[105.944, 100.408] "
911,161.471,145.182,0.016554717870276674,"[157.454, 148.035] "
912,132.421,109.567,0.008572085266634987,"[105.944, 100.408] "
913,92.034,132.026,0.005953531649560665,"[105.944, 100.408] "
914,104.576,121.226,0.013916034046078309,"[105.944, 100.408] "
915,169.768,135.129,0.008367454907973738,"[157.454, 148.035] "
916,177.504,138.223,0.005205068643794648,"[157.454, 148.035] "
917,95.331,97.576,0.020414122105887333,"[105.944, 100.408] "
918,142.087,168.119,0.00827597859474416,"[157.454, 148.035] "
919,86.836,72.802,0.007570588641656588,"[105.944, 100.408] "
920,176.616,181.834,0.0026493536843401203,"[157.454, 148.035] "
921,153.269,125.566,0.009830505085551292,"[157.454, 148.035] "
922,118.398,139.004,0.006676130393051576,"[157.454, 148.035] "
923,73.065,102.598,0.006688489155644862,"[105.944, 100.408] "
924,156.134,153.588,0.015274585495482692,"[157.454, 148.035] "
925,121.935,190.809,0.006160082128186149,"[101.552, 214.018] "
926,90.154,154.593,0.00246060809426137,"[101.552, 214.018] "
927,128.752,50.097,0.00109747070864397,"[105.944, 100.408] "
928,90.718,117.936,0.013512951082576592,"[105.944, 100.408] "
929,106.794,200.891,0.013790490673380838,"[101.552, 214.018] "
930,76.943,113.247,0.011627552065997972,"[105.944, 100.408] "
931,140.818,165.008,0.009695507073904963,"[157.454, 148.035] "
932,91.459,88.535,0.013516665271070974,"[105.944, 100.408] "
933,131.765,155.261,0.009452584479803428,"[157.454, 148.035] "
934,75.883,86.094,0.006127167261011069,"[105.944, 100.408] "
935,126.523,135.973,0.008939863354009817,"[157.454, 148.035] "
936,80.573,133.046,0.0035314879223007105,"[105.944, 100.408] "
937,153.323,152.819,0.014746012324363185,"[157.454, 148.035] "
938,176.485,141.937,0.006503000536471514,"[157.454, 148.035] "
939,90.229,173.945,0.007376663985446032,"[101.552, 214.018] "
940,100.964,110.661,0.017944610979406653,"[105.944, 100.408] "
941,85.234,66.5,0.005257175892635349,"[105.944, 100.408] "
942,178.391,169.251,0.004606329174593489,"[157.454, 148.035] "
943,92.393,84.31,0.011212119853076376,"[105.944, 100.408] "
944,143.832,179.21,0.006096724534743699,"[157.454, 148.035] "
945,137.931,123.232,0.006206131763686758,"[105.944, 100.408] "
946,99.976,98.803,0.022565147272562,"[105.944, 100.408] "
947,103.24,85.434,0.013003105596725191,"[105.944, 100.408] "
948,143.694,175.521,0.0063106572486418076,"[157.454, 148.035] "
949,79.996,94.229,0.011014315713662716,"[105.944, 100.408] "
950,144.521,111.158,0.004830479887550696,"[105.944, 100.408] "
951,75.679,100.734,0.008659488568353678,"[105.944, 100.408] "
952,68.859,192.395,0.004900155029144752,"[101.552, 214.018] "
953,168.5,152.412,0.010294180290173623,"[157.454, 148.035] "
954,88.427,208.551,0.009947435957860193,"[101.552, 214.018] "
955,103.814,135.942,0.0061388559742189255,"[105.944, 100.408] "
956,113.669,115.602,0.01587021767654049,"[105.944, 100.408] "
957,117.652,166.322,0.005075826322826197,"[157.454, 148.035] "
958,98.401,181.375,0.01259241193345607,"[101.552, 214.018] "
959,112.054,91.35,0.02046697239547797,"[105.944, 100.408] "
960,160.759,154.625,0.012088504291781679,"[157.454, 148.035] "
961,112.42,79.075,0.007795471158666602,"[105.944, 100.408] "
962,150.694,158.324,0.012094441331872752,"[157.454, 148.035] "
963,109.027,98.922,0.02420763273922561,"[105.944, 100.408] "
964,148.441,139.343,0.012043964904079036,"[157.454, 148.035] "
965,95.746,103.318,0.017670723976806278,"[105.944, 100.408] "
966,131.128,177.588,0.00835161997082465,"[157.454, 148.035] "
967,99.588,202.038,0.012441152570768173,"[101.552, 214.018] "
968,102.407,85.8,0.01287056330607291,"[105.944, 100.408] "
969,113.684,219.492,0.00790805938326278,"[101.552, 214.018] "
970,76.394,196.009,0.010292546066091113,"[101.552, 214.018] "
971,94.503,169.776,0.005935481611655392,"[101.552, 214.018] "
972,90.694,211.883,0.011361360863804272,"[101.552, 214.018] "
973,146.295,143.385,0.014148274511103873,"[157.454, 148.035] "
974,123.932,163.648,0.006454729079851918,"[157.454, 148.035] "
975,83.078,76.42,0.006879741384467187,"[105.944, 100.408] "
976,119.727,86.378,0.008785564712730124,"[105.944, 100.408] "
977,123.257,68.208,0.0031348615986347707,"[105.944, 100.408] "
978,166.993,146.304,0.012053625325496142,"[157.454, 148.035] "
979,153.802,196.084,0.002163502860326024,"[157.454, 148.035] "
980,82.18,202.796,0.012129685993360274,"[101.552, 214.018] "
981,80.252,172.906,0.00435884023187217,"[101.552, 214.018] "
982,174.088,116.973,0.0022863534194816062,"[157.454, 148.035] "
983,106.125,207.832,0.013628181585870843,"[101.552, 214.018] "
984,53.9,155.351,0.0007875904619414717,"[101.552, 214.018] "
985,118.691,68.929,0.0042127745715848375,"[105.944, 100.408] "
986,165.97,187.763,0.0023407028529106658,"[157.454, 148.035] "
987,128.322,97.888,0.008600388882064016,"[105.944, 100.408] "
988,115.783,184.963,0.0075890777295121664,"[101.552, 214.018] "
989,149.07,140.149,0.01275147632767481,"[157.454, 148.035] "
990,133.964,102.063,0.008050208052796999,"[105.944, 100.408] "
991,130.677,185.549,0.005545282334695191,"[157.454, 148.035] "
992,108.944,190.308,0.009868402387067857,"[101.552, 214.018] "
993,159.971,159.436,0.012107893585030952,"[157.454, 148.035] "
994,121.117,94.872,0.0095774911794419,"[105.944, 100.408] "
995,129.01,129.282,0.006784530331864346,"[157.454, 148.035] "
996,89.829,56.928,0.0024136955868173313,"[105.944, 100.408] "
997,159.318,164.507,0.008872209293145911,"[157.454, 148.035] "
998,75.301,172.275,0.003022830136201774,"[101.552, 214.018] "
999,156.948,137.439,0.013203030861358465,"[157.454, 148.035] "
1000,122.572,96.216,0.010382658053905728,"[105.944, 100.408] "
1001,58.825,90.85,0.0027379764454460087,"[105.944, 100.408] "
1002,55.136,120.778,0.0017586817827429419,"[105.944, 100.408] "
1003,92.366,103.327,0.017047477480495347,"[105.944, 100.408] "
1004,92.196,95.982,0.018526091916278742,"[105.944, 100.408] "
1005,86.579,179.801,0.008328860388268971,"[101.552, 214.018] "
1006,108.362,222.506,0.007980050512123752,"[101.552, 214.018] "
1007,81.254,110.953,0.014080480421486236,"[105.944, 100.408] "
1008,115.974,178.777,0.00709923573674622,"[101.552, 214.018] "
1009,95.836,227.747,0.006941983029378377,"[101.552, 214.018] "
1010,86.979,94.271,0.017944113811187833,"[105.944, 100.408] "
1011,82.162,94.842,0.012450502250148151,"[105.944, 100.408] "
1012,147.773,140.694,0.011469989231974098,"[157.454, 148.035] "
1013,89.933,104.983,0.014408541544803385,"[105.944, 100.408] "
1014,133.139,142.359,0.0093823540063496,"[157.454, 148.035] "
1015,118.111,107.088,0.015109188134518867,"[105.944, 100.408] "
1016,116.633,207.859,0.00924392512812587,"[101.552, 214.018] "
1017,96.408,127.311,0.009586977203558333,"[105.944, 100.408] "
1018,78.298,182.875,0.006240566447729291,"[101.552, 214.018] "
1019,73.744,73.754,0.004233866292563371,"[105.944, 100.408] "
1020,80.54,98.83,0.01064824378515254,"[105.944, 100.408] "
1021,146.617,216.347,0.0018269382034443993,"[101.552, 214.018] "
1022,112.36,88.467,0.014805903854161823,"[105.944, 100.408] "
1023,133.923,115.165,0.007202650200736066,"[105.944, 100.408] "
1024,136.397,170.371,0.007830898083257692,"[157.454, 148.035] "
1025,68.246,100.365,0.005134848700784425,"[105.944, 100.408] "
1026,82.578,202.962,0.012649667705879023,"[101.552, 214.018] "
1027,75.32,119.056,0.007018678816954227,"[105.944, 100.408] "
1028,128.624,93.575,0.006567812980999945,"[105.944, 100.408] "
1029,100.93,157.561,0.003377774384390569,"[101.552, 214.018] "
1030,110.478,101.989,0.021752497817571947,"[105.944, 100.408] "
1031,90.311,200.136,0.013447786367282387,"[101.552, 214.018] "
1032,112.245,51.892,0.0015118493772646301,"[105.944, 100.408] "
1033,76.042,115.296,0.010356910743977493,"[105.944, 100.408] "
1034,96.03,73.347,0.007249321717213523,"[105.944, 100.408] "
1035,85.567,103.887,0.014672289283550634,"[105.944, 100.408] "
1036,113.913,204.141,0.012865148618582747,"[101.552, 214.018] "
1037,150.446,148.564,0.015471089252868655,"[157.454, 148.035] "
1038,91.689,187.002,0.011365603000419222,"[101.552, 214.018] "
1039,172.827,150.545,0.0073455282422045095,"[157.454, 148.035] "
1040,121.107,81.904,0.006391292911580007,"[105.944, 100.408] "
1041,105.003,160.238,0.0036794603526832683,"[101.552, 214.018] "
1042,123.524,207.404,0.007572720857324685,"[101.552, 214.018] "
1043,138.848,140.125,0.011585173045296864,"[157.454, 148.035] "
1044,159.125,150.883,0.015837440205942403,"[157.454, 148.035] "
1045,131.703,153.925,0.00967051828581866,"[157.454, 148.035] "
1046,150.852,160.7,0.011605451103594228,"[157.454, 148.035] "
1047,138.233,151.794,0.01492324512412071,"[157.454, 148.035] "
1048,108.674,89.307,0.02004969557644971,"[105.944, 100.408] "
1049,53.732,92.57,0.0019509880583922924,"[105.944, 100.408] "
1050,133.485,136.997,0.009452378350726306,"[157.454, 148.035] "
1051,118.885,77.33,0.005568223821572016,"[105.944, 100.408] "
1052,118.91,137.726,0.007464491804372414,"[157.454, 148.035] "
1053,101.411,105.013,0.023475116857371095,"[105.944, 100.408] "
1054,97.686,195.494,0.01602417830577521,"[101.552, 214.018] "
1055,77.933,101.53,0.010380637528307111,"[105.944, 100.408] "
1056,106.665,91.822,0.02249972887826705,"[105.944, 100.408] "
1057,110.954,113.394,0.01611092098434253,"[105.944, 100.408] "
1058,111.751,179.579,0.009596520808251229,"[101.552, 214.018] "
1059,103.544,196.694,0.017287206801409553,"[101.552, 214.018] "
1060,108.586,114.952,0.014605986640459036,"[105.944, 100.408] "
1061,117.741,233.336,0.00300225255706879,"[101.552, 214.018] "
1062,155.283,161.887,0.010803449398787477,"[157.454, 148.035] "
1063,81.872,171.567,0.004136896285453523,"[101.552, 214.018] "
1064,105.71,216.388,0.013628181585870843,"[101.552, 214.018] "
1065,119.495,137.149,0.007652540793150496,"[157.454, 148.035] "
1066,87.224,98.706,0.021485851019214658,"[105.944, 100.408] "
1067,148.899,172.917,0.006625274732751812,"[157.454, 148.035] "
1068,125.061,172.738,0.0075600816319470465,"[157.454, 148.035] "
1069,116.092,135.22,0.007552228664566972,"[157.454, 148.035] "
1070,95.984,122.653,0.013317407666983406,"[105.944, 100.408] "
1071,112.597,198.578,0.011223450115052722,"[101.552, 214.018] "
1072,118.378,115.54,0.010649052849279224,"[105.944, 100.408] "
1073,170.532,186.094,0.002304245767535455,"[157.454, 148.035] "
1074,134.683,114.075,0.007209809389799071,"[105.944, 100.408] "
1075,144.882,119.964,0.007154776950150553,"[157.454, 148.035] "
1076,69.917,117.386,0.005655836234221168,"[105.944, 100.408] "
1077,114.199,171.941,0.006926062626137039,"[101.552, 214.018] "
1078,93.457,221.769,0.009490622624230248,"[101.552, 214.018] "
1079,146.931,122.247,0.008229160053336463,"[157.454, 148.035] "
1080,83.594,103.052,0.014089423457269722,"[105.944, 100.408] "
1081,100.237,156.101,0.0030971893208230823,"[101.552, 214.018] "
1082,127.208,170.768,0.007659558425384434,"[157.454, 148.035] "
1083,112.348,89.417,0.016048678852695994,"[105.944, 100.408] "
1084,160.098,143.205,0.01645633279181027,"[157.454, 148.035] "
1085,141.709,178.207,0.007079981846926551,"[157.454, 148.035] "
1086,82.312,82.215,0.007291577830943432,"[105.944, 100.408] "
1087,66.76,209.848,0.003891654804708243,"[101.552, 214.018] "
1088,144.048,174.659,0.006706580253095466,"[157.454, 148.035] "
1089,64.478,87.441,0.0034857140172147145,"[105.944, 100.408] "
1090,94.057,167.927,0.005087947202575397,"[101.552, 214.018] "
1091,108.609,96.369,0.024314335732347817,"[105.944, 100.408] "
1092,130.133,111.223,0.00828645176571608,"[105.944, 100.408] "
1093,150.805,112.513,0.004948562415401243,"[157.454, 148.035] "
1094,92.5,225.183,0.006880789070174827,"[101.552, 214.018] "
1095,45.328,103.114,0.0011468796364042901,"[105.944, 100.408] "
1096,88.085,90.618,0.013847510795692484,"[105.944, 100.408] "
1097,158.879,145.283,0.016599761879735865,"[157.454, 148.035] "
1098,83.13,208.505,0.010042882304007537,"[101.552, 214.018] "
1099,100.681,121.714,0.01489966454150269,"[105.944, 100.408] "
1100,96.046,125.173,0.011319937673781588,"[105.944, 100.408] "
1101,87.338,89.955,0.013855781269311501,"[105.944, 100.408] "
1102,139.979,110.716,0.005515894283804286,"[105.944, 100.408] "
1103,143.037,147.871,0.013084712456574292,"[157.454, 148.035] "
1104,74.641,215.919,0.005551766259181652,"[101.552, 214.018] "
1105,75.78,118.064,0.008246084468419925,"[105.944, 100.408] "
1106,94.245,143.492,0.002999900475301833,"[105.944, 100.408] "
1107,137.95,114.014,0.006913034830655437,"[105.944, 100.408] "
1108,135.741,139.437,0.010897041752832742,"[157.454, 148.035] "
1109,122.399,87.386,0.007687498866093903,"[105.944, 100.408] "
1110,160.775,158.533,0.011425946725380807,"[157.454, 148.035] "
1111,156.945,150.078,0.01651089517648724,"[157.454, 148.035] "
1112,96.248,86.931,0.012748459833070635,"[105.944, 100.408] "
1113,79.901,205.184,0.010965564202731443,"[101.552, 214.018] "
1114,132.877,154.244,0.010848080123051948,"[157.454, 148.035] "
1115,123.804,136.943,0.009097289681784006,"[157.454, 148.035] "
1116,89.34,189.065,0.013294685505306974,"[101.552, 214.018] "
1117,88.558,92.228,0.01607134081042821,"[105.944, 100.408] "
1118,85.24,122.776,0.008909098684304305,"[105.944, 100.408] "
1119,119.645,94.08,0.011103637006294678,"[105.944, 100.408] "
1120,75.441,174.242,0.0034107117180574202,"[101.552, 214.018] "
1121,141.397,78.364,0.0018733148502598762,"[105.944, 100.408] "
1122,119.339,113.91,0.01276327493228862,"[105.944, 100.408] "
1123,87.925,221.426,0.007403255606824171,"[101.552, 214.018] "
1124,90.502,93.111,0.017514198585651456,"[105.944, 100.408] "
1125,111.418,218.733,0.008728933471935981,"[101.552, 214.018] "
1126,121.065,236.127,0.0022447160075432593,"[101.552, 214.018] "
1127,167.081,139.803,0.010553572668239352,"[157.454, 148.035] "
1128,107.027,78.995,0.010067539396823706,"[105.944, 100.408] "
1129,146.867,223.267,0.0015040788671093883,"[101.552, 214.018] "
1130,109.207,106.784,0.02173075700721846,"[105.944, 100.408] "
1131,107.626,63.18,0.0036643726484644297,"[105.944, 100.408] "
1132,108.027,51.315,0.0015928065060934113,"[105.944, 100.408] "
1133,90.941,96.644,0.021416434123455598,"[105.944, 100.408] "
1134,98.254,115.991,0.017011140851310627,"[105.944, 100.408] "
1135,134.055,205.17,0.00386363105553414,"[101.552, 214.018] "
1136,118.084,208.903,0.00822501394366051,"[101.552, 214.018] "
1137,77.936,90.796,0.00867914180472253,"[105.944, 100.408] "
1138,137.978,130.981,0.008072943631139334,"[157.454, 148.035] "
1139,101.821,127.223,0.009657594804986597,"[105.944, 100.408] "
1140,123.088,126.297,0.007652540793150496,"[105.944, 100.408] "
1141,167.335,188.38,0.0022106654283108474,"[157.454, 148.035] "
1142,145.546,162.004,0.00885491968534715,"[157.454, 148.035] "
1143,144.357,141.008,0.013037215239352168,"[157.454, 148.035] "
1144,123.183,104.795,0.011587325333961515,"[105.944, 100.408] "
1145,77.91,199.114,0.010479980376446334,"[101.552, 214.018] "
1146,109.315,206.337,0.016037758528867997,"[101.552, 214.018] "
1147,188.862,155.275,0.0030203051521214045,"[157.454, 148.035] "
1148,123.548,174.285,0.007782612336561238,"[157.454, 148.035] "
1149,81.898,92.117,0.01051557827714973,"[105.944, 100.408] "
1150,153.667,150.642,0.015067716275746369,"[157.454, 148.035] "
1151,101.14,137.69,0.004573001474884441,"[105.944, 100.408] "
1152,44.045,199.919,0.0009418449358346045,"[101.552, 214.018] "
1153,95.226,216.862,0.012683256569191255,"[101.552, 214.018] "
1154,116.472,99.502,0.016146572383816456,"[105.944, 100.408] "
1155,108.053,92.569,0.025355326374394898,"[105.944, 100.408] "
1156,96.904,123.914,0.012171276935401001,"[105.944, 100.408] "
1157,163.891,144.347,0.015096290177266656,"[157.454, 148.035] "
1158,163.259,159.776,0.010827519018780742,"[157.454, 148.035] "
1159,151.399,140.313,0.014237866916949357,"[157.454, 148.035] "
1160,120.966,130.49,0.008316271532053663,"[157.454, 148.035] "
1161,113.664,184.83,0.00906359306932413,"[101.552, 214.018] "
1162,155.6,176.722,0.004541785732229008,"[157.454, 148.035] "
1163,103.711,206.322,0.013275259031168685,"[101.552, 214.018] "
1164,100.424,102.378,0.022991447595340667,"[105.944, 100.408] "
1165,135.756,200.926,0.003870360150326025,"[101.552, 214.018] "
1166,78.306,205.563,0.009738342709555767,"[101.552, 214.018] "
1167,67.722,95.553,0.004959221683879427,"[105.944, 100.408] "
1168,80.984,53.778,0.0015438825900263259,"[105.944, 100.408] "
1169,175.021,132.173,0.004882358926948521,"[157.454, 148.035] "
1170,102.992,210.122,0.014170905656912099,"[101.552, 214.018] "
1171,72.66,88.847,0.005195556485767988,"[105.944, 100.408] "
1172,135.139,178.638,0.008111227247662839,"[157.454, 148.035] "
1173,93.643,251.371,0.001162899977819311,"[101.552, 214.018] "
1174,137.026,78.764,0.0025752720273362613,"[105.944, 100.408] "
1175,132.471,190.649,0.005359597935825895,"[157.454, 148.035] "
1176,87.578,210.12,0.01106098542894356,"[101.552, 214.018] "
1177,71.666,105.344,0.006778261799896389,"[105.944, 100.408] "
1178,81.269,108.707,0.011795832169183005,"[105.944, 100.408] "
1179,154.994,127.259,0.009498532481480889,"[157.454, 148.035] "
1180,134.706,154.194,0.010906475338005286,"[157.454, 148.035] "
1181,102.194,86.663,0.013716998701480292,"[105.944, 100.408] "
1182,141.158,157.668,0.011251306768960499,"[157.454, 148.035] "
1183,127.342,96.966,0.00884722169900735,"[105.944, 100.408] "
1184,135.7,96.422,0.004409512910299782,"[105.944, 100.408] "
1185,165.709,130.943,0.007311211790071831,"[157.454, 148.035] "
1186,137.87,95.937,0.0035612527876195807,"[105.944, 100.408] "
1187,116.036,212.698,0.010412735642029805,"[101.552, 214.018] "
1188,172.421,156.851,0.00708388355923072,"[157.454, 148.035] "
1189,118.023,118.871,0.009577119418921693,"[105.944, 100.408] "
1190,155.358,143.965,0.014655951680851483,"[157.454, 148.035] "
1191,143.883,136.169,0.00949141126939938,"[157.454, 148.035] "
1192,139.652,148.659,0.01297137153445492,"[157.454, 148.035] "
1193,92.25,95.498,0.01978076385991145,"[105.944, 100.408] "
1194,165.454,164.18,0.007134837483599317,"[157.454, 148.035] "
1195,131.865,150.917,0.011525877629595822,"[157.454, 148.035] "
1196,124.135,104.667,0.011709767236291383,"[105.944, 100.408] "
1197,67.967,114.153,0.00492002765645946,"[105.944, 100.408] "
1198,150.53,122.055,0.007702076947461126,"[157.454, 148.035] "
1199,87.896,208.038,0.01019433200237832,"[101.552, 214.018] "
1200,65.843,123.032,0.003038337047158536,"[105.944, 100.408] "
1201,109.256,114.198,0.01431530504376155,"[105.944, 100.408] "
1202,72.71,198.825,0.006985047750904013,"[101.552, 214.018] "
1203,105.691,82.634,0.012488025700456817,"[105.944, 100.408] "
1204,84.442,218.397,0.008305675296169178,"[101.552, 214.018] "
1205,123.968,146.803,0.008833341305423868,"[157.454, 148.035] "
1206,163.999,155.488,0.010716977359699446,"[157.454, 148.035] "
1207,114.419,117.761,0.011501999536354394,"[105.944, 100.408] "
1208,71.787,243.458,0.001292886650132113,"[101.552, 214.018] "
1209,84.204,196.598,0.012099804999542604,"[101.552, 214.018] "
1210,129.693,177.275,0.0076562022205130436,"[157.454, 148.035] "
1211,131.711,91.606,0.005176889419296875,"[105.944, 100.408] "
1212,117.344,79.727,0.006932742648869809,"[105.944, 100.408] "
1213,105.966,123.712,0.010184012373575031,"[105.944, 100.408] "
1214,162.564,97.519,0.0013389884134279695,"[157.454, 148.035] "
1215,106.465,98.819,0.027904958501838564,"[105.944, 100.408] "
1216,168.12,130.455,0.006381901051151421,"[157.454, 148.035] "
1217,122.274,171.446,0.007676878112148807,"[157.454, 148.035] "
1218,65.853,222.927,0.0024282625084840487,"[101.552, 214.018] "
1219,150.964,226.447,0.0010753081145127828,"[101.552, 214.018] "
1220,83.523,77.927,0.007995555174931605,"[105.944, 100.408] "
1221,85.074,120.422,0.010173963171921837,"[105.944, 100.408] "
1222,152.242,123.013,0.009024499114579336,"[157.454, 148.035] "
1223,74.755,110.382,0.010645355516550948,"[105.944, 100.408] "
1224,106.233,130.511,0.008020433690996275,"[105.944, 100.408] "
1225,116.414,158.218,0.004553510263951372,"[157.454, 148.035] "
1226,110.012,109.307,0.020504128865169294,"[105.944, 100.408] "
1227,75.127,88.122,0.005742513284443108,"[105.944, 100.408] "
1228,124.732,107.896,0.01042090482694958,"[105.944, 100.408] "
1229,95.455,179.132,0.012621332497935739,"[101.552, 214.018] "
1230,132.966,141.267,0.00994921205822214,"[157.454, 148.035] "
1231,154.829,144.133,0.015267204475318463,"[157.454, 148.035] "
1232,96.196,193.628,0.014319745980307656,"[101.552, 214.018] "
1233,132.431,135.686,0.008609370855933177,"[157.454, 148.035] "
1234,122.227,195.986,0.005660720002940415,"[101.552, 214.018] "
1235,107.6,170.301,0.006589225693499513,"[101.552, 214.018] "
1236,181.412,163.926,0.003874535399132791,"[157.454, 148.035] "
1237,129.829,177.877,0.007354022217736613,"[157.454, 148.035] "
1238,89.119,96.692,0.020219693848358318,"[105.944, 100.408] "
1239,44.654,105.82,0.0011331183596289692,"[105.944, 100.408] "
1240,98.256,216.809,0.01246551959370879,"[101.552, 214.018] "
1241,115.361,105.042,0.016238863286065497,"[105.944, 100.408] "
1242,111.367,228.88,0.00464430578642464,"[101.552, 214.018] "
1243,101.025,105.233,0.022003429894651916,"[105.944, 100.408] "
1244,99.214,175.982,0.01093162906612601,"[101.552, 214.018] "
1245,86.975,203.993,0.01311514626273411,"[101.552, 214.018] "
1246,188.009,184.082,0.0014823595368393125,"[157.454, 148.035] "
1247,70.376,201.538,0.005204685472295209,"[101.552, 214.018] "
1248,97.774,118.301,0.014834451232854174,"[105.944, 100.408] "
1249,89.186,83.951,0.010635624823016566,"[105.944, 100.408] "
1250,119.629,105.959,0.013568917788573066,"[105.944, 100.408] "
1251,119.979,153.628,0.005997438134326532,"[157.454, 148.035] "
1252,126.596,108.532,0.010237340663214637,"[105.944, 100.408] "
1253,139.854,207.38,0.0028867244088142813,"[101.552, 214.018] "
1254,112.086,137.275,0.006060605913682279,"[105.944, 100.408] "
1255,106.256,113.807,0.01718963436169405,"[105.944, 100.408] "
1256,96.438,95.203,0.015976093373875323,"[105.944, 100.408] "
1257,112.117,53.946,0.001742623169855976,"[105.944, 100.408] "
1258,117.418,119.068,0.009505762245734059,"[105.944, 100.408] "
1259,102.729,98.929,0.023349149190859723,"[105.944, 100.408] "
1260,169.378,126.976,0.005169743727428464,"[157.454, 148.035] "
1261,73.475,30.938,0.0004944199204143327,"[105.944, 100.408] "
1262,117.091,114.16,0.013170214779599237,"[105.944, 100.408] "
1263,70.965,95.773,0.0063131409980635225,"[105.944, 100.408] "
1264,128.844,186.414,0.005709057620302543,"[157.454, 148.035] "
1265,54.018,132.64,0.0010852134000744204,"[105.944, 100.408] "
1266,129.916,134.866,0.008329908005745446,"[157.454, 148.035] "
1267,105.403,190.164,0.011548644333513302,"[101.552, 214.018] "
1268,76.112,95.99,0.008011160187033342,"[105.944, 100.408] "
1269,156.085,155.299,0.015440691700989497,"[157.454, 148.035] "
1270,94.727,103.25,0.017545272813113758,"[105.944, 100.408] "
1271,99.987,214.599,0.012139324729425102,"[101.552, 214.018] "
1272,141.806,159.159,0.011493388359385974,"[157.454, 148.035] "
1273,78.483,172.331,0.0037208060441666314,"[101.552, 214.018] "
1274,126.31,154.824,0.00819668227645575,"[157.454, 148.035] "
1275,178.156,153.622,0.006065760045010852,"[157.454, 148.035] "
1276,135.992,145.279,0.011335983520019216,"[157.454, 148.035] "
1277,102.84,193.602,0.016175228187987886,"[101.552, 214.018] "
1278,109.391,86.437,0.01771257973981991,"[105.944, 100.408] "
1279,186.233,164.089,0.002658188025079853,"[157.454, 148.035] "
1280,157.765,151.891,0.015471089252868655,"[157.454, 148.035] "
1281,139.196,98.942,0.003988384229769221,"[105.944, 100.408] "
1282,139.78,92.715,0.0030257423929765104,"[105.944, 100.408] "
1283,188.979,185.081,0.0013354154811014939,"[157.454, 148.035] "
1284,138.891,153.928,0.012762179027209277,"[157.454, 148.035] "
1285,81.188,105.41,0.013533544439484086,"[105.944, 100.408] "
1286,169.523,118.324,0.0031189601142452617,"[157.454, 148.035] "
1287,123.138,104.676,0.011656624969947786,"[105.944, 100.408] "
1288,123.469,154.35,0.007390189852573179,"[157.454, 148.035] "
1289,135.89,113.756,0.006803586300968095,"[105.944, 100.408] "
1290,118.419,180.98,0.007110261166291879,"[101.552, 214.018] "
1291,86.406,61.317,0.003087940230075941,"[105.944, 100.408] "
1292,153.524,125.293,0.009260080233965195,"[157.454, 148.035] "
1293,93.571,184.118,0.01061285502016486,"[101.552, 214.018] "
1294,70.81,215.171,0.004507231481064777,"[101.552, 214.018] "
1295,109.43,193.454,0.010391603634143315,"[101.552, 214.018] "
1296,102.994,182.729,0.011884702790204912,"[101.552, 214.018] "
1297,151.767,158.872,0.012306331416765758,"[157.454, 148.035] "
1298,103.321,120.732,0.013874119695776623,"[105.944, 100.408] "
1299,123.8,162.384,0.0067654638630358895,"[157.454, 148.035] "
1300,116.756,178.543,0.00715203089963429,"[101.552, 214.018] "
1301,81.911,184.402,0.007221005286259654,"[101.552, 214.018] "
1302,122.48,240.042,0.0016843824510552633,"[101.552, 214.018] "
1303,93.47,197.562,0.011969914434024285,"[101.552, 214.018] "
1304,75.16,116.013,0.008929585813574148,"[105.944, 100.408] "
1305,164.001,166.312,0.0067195773353602335,"[157.454, 148.035] "
1306,206.706,153.328,0.0009011392140666771,"[157.454, 148.035] "
1307,151.107,158.916,0.011844563321746196,"[157.454, 148.035] "
1308,157.944,134.698,0.012027998920222467,"[157.454, 148.035] "
1309,162.256,148.817,0.015746838704028817,"[157.454, 148.035] "
1310,99.902,107.407,0.021623157917771238,"[105.944, 100.408] "
1311,117.411,122.293,0.009169737993993277,"[105.944, 100.408] "
1312,159.712,123.592,0.006815087923153067,"[157.454, 148.035] "
1313,95.397,206.299,0.011116286359983194,"[101.552, 214.018] "
1314,81.567,189.77,0.009625488231233178,"[101.552, 214.018] "
1315,107.066,190.929,0.011101783146205383,"[101.552, 214.018] "
1316,87.501,88.126,0.013004005168571902,"[105.944, 100.408] "
1317,98.036,118.073,0.0161216989652546,"[105.944, 100.408] "
1318,133.36,163.833,0.009837979012304878,"[157.454, 148.035] "
1319,122.985,126.006,0.007552228664566972,"[105.944, 100.408] "
1320,102.13,87.283,0.0143128201089054,"[105.944, 100.408] "
1321,77.713,127.93,0.004507179231141651,"[105.944, 100.408] "
1322,102.094,124.646,0.01126623337484189,"[105.944, 100.408] "
1323,109.391,92.983,0.028245222878393345,"[105.944, 100.408] "
1324,134.382,207.275,0.0036339117898292477,"[101.552, 214.018] "
1325,159.69,129.636,0.010066759426485845,"[157.454, 148.035] "
1326,82.23,192.699,0.009808546105791937,"[101.552, 214.018] "
1327,60.052,221.212,0.0017298053788876013,"[101.552, 214.018] "
1328,117.371,108.693,0.016276284062498633,"[105.944, 100.408] "
1329,162.848,195.301,0.001773904613945239,"[157.454, 148.035] "
1330,113.614,89.651,0.014248759314218016,"[105.944, 100.408] "
1331,109.696,109.551,0.020228179938156426,"[105.944, 100.408] "
1332,62.025,186.307,0.00254430944799316,"[101.552, 214.018] "
1333,86.136,201.303,0.012585502759371496,"[101.552, 214.018] "
1334,170.449,144.39,0.009409709625300152,"[157.454, 148.035] "
1335,143.631,150.944,0.012002067524160012,"[157.454, 148.035] "
1336,136.099,204.992,0.0035117287561498246,"[101.552, 214.018] "
1337,106.064,115.88,0.016391179834010176,"[105.944, 100.408] "
1338,134.983,154.14,0.01122506396939457,"[157.454, 148.035] "
1339,149.167,114.38,0.006434160761045394,"[157.454, 148.035] "
1340,164.262,90.179,0.0009441103122658072,"[105.944, 100.408] "
1341,105.422,197.094,0.01591538718094504,"[101.552, 214.018] "
1342,166.262,138.433,0.010333270927265794,"[157.454, 148.035] "
1343,85.585,122.778,0.008852029431758559,"[105.944, 100.408] "
1344,109.289,126.709,0.00867875396074463,"[105.944, 100.408] "
1345,90.136,189.223,0.013407088048583883,"[101.552, 214.018] "
1346,97.73,79.503,0.01251746185929372,"[105.944, 100.408] "
1347,85.109,233.002,0.0034867063393411906,"[101.552, 214.018] "
1348,98.86,76.791,0.009686321177739654,"[105.944, 100.408] "
1349,99.547,123.271,0.010874940038299379,"[105.944, 100.408] "
1350,97.175,236.295,0.0032531489269815254,"[101.552, 214.018] "
1351,87.324,220.912,0.007334430745088752,"[101.552, 214.018] "
1352,91.104,106.937,0.014578975798958494,"[105.944, 100.408] "
1353,103.637,101.724,0.02792130803733559,"[105.944, 100.408] "
1354,193.8,145.361,0.0018638031200500337,"[157.454, 148.035] "
1355,89.397,95.975,0.01993156894434341,"[105.944, 100.408] "
1356,111.902,191.864,0.009825681213987279,"[101.552, 214.018] "
1357,104.951,179.223,0.010584311129635964,"[101.552, 214.018] "
1358,102.218,202.875,0.013679583659135448,"[101.552, 214.018] "
1359,115.435,210.248,0.009821846438377453,"[101.552, 214.018] "
1360,177.548,164.917,0.004606684395798676,"[157.454, 148.035] "
1361,59.121,126.206,0.0017735339805395123,"[105.944, 100.408] "
1362,140.541,173.218,0.007454989401875253,"[157.454, 148.035] "
1363,82.362,122.069,0.008713929147774056,"[105.944, 100.408] "
1364,81.182,188.024,0.010098566655902266,"[101.552, 214.018] "
1365,54.676,205.396,0.0019735025197571607,"[101.552, 214.018] "
1366,160.391,135.727,0.011041985216438127,"[157.454, 148.035] "
1367,112.549,70.088,0.004891547542809353,"[105.944, 100.408] "
1368,104.492,194.633,0.01606739436431318,"[101.552, 214.018] "
1369,122.606,108.55,0.013208770576110945,"[105.944, 100.408] "
1370,108.831,120.981,0.011350394580577025,"[105.944, 100.408] "
1371,94.417,36.754,0.0007533392288656931,"[105.944, 100.408] "
1372,103.114,96.074,0.023215498350968353,"[105.944, 100.408] "
1373,169.501,93.706,0.0008644735957043543,"[157.454, 148.035] "
1374,111.325,213.277,0.012896616082699337,"[101.552, 214.018] "
1375,90.828,113.235,0.013608852536801032,"[105.944, 100.408] "
1376,96.473,114.067,0.015003476305459973,"[105.944, 100.408] "
1377,152.196,130.148,0.010330210338577794,"[157.454, 148.035] "
1378,110.534,162.198,0.004206278417354105,"[101.552, 214.018] "
1379,52.824,90.65,0.0017517842763711303,"[105.944, 100.408] "
1380,137.781,118.944,0.006713349599063337,"[105.944, 100.408] "
1381,99.634,214.728,0.011836303963529592,"[101.552, 214.018] "
1382,113.69,49.69,0.0012856519249840007,"[105.944, 100.408] "
1383,108.735,201.891,0.012828345183110958,"[101.552, 214.018] "
1384,94.439,215.846,0.012029936111054386,"[101.552, 214.018] "
1385,97.704,114.366,0.01590947306186543,"[105.944, 100.408] "
1386,135.014,123.99,0.006931112641808807,"[105.944, 100.408] "
1387,104.367,192.146,0.01621005402989311,"[101.552, 214.018] "
1388,175.094,131.7,0.0046534674475060805,"[157.454, 148.035] "
1389,151.431,158.991,0.011640884532611235,"[157.454, 148.035] "
1390,62.584,119.836,0.002631005941969059,"[105.944, 100.408] "
1391,127.398,111.069,0.009417428014710582,"[105.944, 100.408] "
1392,105.87,90.214,0.020941130858341525,"[105.944, 100.408] "
1393,148.955,161.638,0.010324799078119314,"[157.454, 148.035] "
1394,138.968,143.097,0.012056417135925531,"[157.454, 148.035] "
1395,144.642,138.206,0.010604192420494384,"[157.454, 148.035] "
1396,154.531,133.329,0.011239154931986782,"[157.454, 148.035] "
1397,85.319,86.593,0.011541636598298816,"[105.944, 100.408] "
1398,59.121,165.414,0.001102921666516183,"[101.552, 214.018] "
1399,123.352,149.502,0.0071375540421688465,"[157.454, 148.035] "
1400,103.632,112.358,0.01805292782654279,"[105.944, 100.408] "
1401,96.526,109.25,0.019088512458757124,"[105.944, 100.408] "
1402,110.382,110.66,0.018935365512106114,"[105.944, 100.408] "
1403,97.068,78.611,0.01100000216700043,"[105.944, 100.408] "
1404,95.782,140.91,0.003467501014911543,"[105.944, 100.408] "
1405,79.195,214.607,0.007716644683746515,"[101.552, 214.018] "
1406,81.766,71.463,0.005528098564891802,"[105.944, 100.408] "
1407,80.415,98.282,0.011355293319944382,"[105.944, 100.408] "
1408,75.27,210.513,0.007304239034845316,"[101.552, 214.018] "
1409,137.395,200.715,0.003634525491616819,"[101.552, 214.018] "
1410,77.973,67.979,0.003959699947876092,"[105.944, 100.408] "
1411,155.603,125.057,0.008316795039863425,"[157.454, 148.035] "
1412,182.56,182.066,0.002214818183471243,"[157.454, 148.035] "
1413,90.519,96.675,0.020981729676304576,"[105.944, 100.408] "
1414,101.14,101.48,0.024730917111190506,"[105.944, 100.408] "
1415,63.046,76.216,0.0026420321615209094,"[105.944, 100.408] "
1416,88.436,80.233,0.009261709667518903,"[105.944, 100.408] "
1417,104.647,218.595,0.010635896196460975,"[101.552, 214.018] "
1418,86.723,99.733,0.019874638333753226,"[105.944, 100.408] "
1419,135.763,236.541,0.0012946643335434397,"[101.552, 214.018] "
1420,86.325,47.329,0.0012968093902185815,"[105.944, 100.408] "
1421,164.251,133.843,0.009017854874705598,"[157.454, 148.035] "
1422,170.837,176.02,0.003874535399132791,"[157.454, 148.035] "
1423,103.515,218.496,0.011186148291009328,"[101.552, 214.018] "
1424,176.579,151.169,0.00568121790949862,"[157.454, 148.035] "
1425,125.745,214.029,0.005521854999599614,"[101.552, 214.018] "
1426,173.918,146.312,0.007342539713117292,"[157.454, 148.035] "
1427,92.946,178.852,0.00957425802181123,"[101.552, 214.018] "
1428,73.231,69.104,0.0034126893262776577,"[105.944, 100.408] "
1429,119.557,97.508,0.011316450238235588,"[105.944, 100.408] "
1430,105.178,96.988,0.023538520341306608,"[105.944, 100.408] "
1431,130.847,210.025,0.004414803454053922,"[101.552, 214.018] "
1432,92.698,176.348,0.008731657200342387,"[101.552, 214.018] "
1433,102.138,182.891,0.012577120386787715,"[101.552, 214.018] "
1434,125.535,86.639,0.00583396718414462,"[105.944, 100.408] "
1435,141.766,155.872,0.011810697432903618,"[157.454, 148.035] "
1436,99.275,186.485,0.012713210067743596,"[101.552, 214.018] "
1437,107.288,220.968,0.009178501617871537,"[101.552, 214.018] "
1438,104.946,75.741,0.008931064391661405,"[105.944, 100.408] "
1439,139.755,102.265,0.004420784406301918,"[105.944, 100.408] "
1440,108.981,86.161,0.017637697148887424,"[105.944, 100.408] "
1441,75.549,213.824,0.005974076629540653,"[101.552, 214.018] "
1442,87.282,81.273,0.008896629351830719,"[105.944, 100.408] "
1443,181.125,125.716,0.002460226381174782,"[157.454, 148.035] "
1444,149.731,114.996,0.00639903111502003,"[157.454, 148.035] "
1445,99.369,112.505,0.016462936456110903,"[105.944, 100.408] "
1446,129.635,110.531,0.00832622710665348,"[105.944, 100.408] "
1447,91.488,94.319,0.019481705587477884,"[105.944, 100.408] "
1448,119.757,92.457,0.010833323276398198,"[105.944, 100.408] "
1449,169.232,137.315,0.009353116309172013,"[157.454, 148.035] "
1450,137.143,143.506,0.011714188101629747,"[157.454, 148.035] "
1451,127.339,160.618,0.007600344633067157,"[157.454, 148.035] "
1452,100.447,81.347,0.01197462973516825,"[105.944, 100.408] "
1453,124.625,184.636,0.006683258211617453,"[101.552, 214.018] "
1454,98.503,211.081,0.012484025285194699,"[101.552, 214.018] "
1455,108.703,90.793,0.024747402030108598,"[105.944, 100.408] "
1456,95.291,183.572,0.011096391747458086,"[101.552, 214.018] "
1457,87.99,90.587,0.013580813971246044,"[105.944, 100.408] "
1458,112.681,139.41,0.005782836950512307,"[157.454, 148.035] "
1459,86.676,99.627,0.02009963630914079,"[105.944, 100.408] "
1460,151.113,148.355,0.015277430810349176,"[157.454, 148.035] "
1461,105.748,89.025,0.019136953261551112,"[105.944, 100.408] "
1462,188.419,160.812,0.002697646118163849,"[157.454, 148.035] "
1463,78.809,117.915,0.010887262936654086,"[105.944, 100.408] "
1464,89.085,110.593,0.014831678543182692,"[105.944, 100.408] "
1465,100.236,114.222,0.016537243990233232,"[105.944, 100.408] "
1466,78.614,94.342,0.009523444367742632,"[105.944, 100.408] "
1467,59.167,99.434,0.0027560019328172277,"[105.944, 100.408] "
1468,137.193,220.949,0.0024700555108666217,"[101.552, 214.018] "
1469,111.849,205.1,0.013947637694880007,"[101.552, 214.018] "
1470,91.788,94.767,0.02009963630914079,"[105.944, 100.408] "
1471,94.23,129.402,0.008165399108214315,"[105.944, 100.408] "
1472,141.497,133.443,0.008548405736435005,"[157.454, 148.035] "
1473,106.058,104.481,0.026482700176109875,"[105.944, 100.408] "
1474,168.619,161.783,0.00665607020290367,"[157.454, 148.035] "
1475,111.255,189.775,0.009596520808251229,"[101.552, 214.018] "
1476,104.476,124.378,0.010503296102369662,"[105.944, 100.408] "
1477,139.242,151.79,0.014471479080818488,"[157.454, 148.035] "
1478,149.407,134.104,0.01082361836917403,"[157.454, 148.035] "
1479,184.657,160.737,0.0034772990305109463,"[157.454, 148.035] "
1480,64.427,128.141,0.0022418680356439537,"[105.944, 100.408] "
1481,178.281,133.166,0.00404421975766032,"[157.454, 148.035] "
1482,104.934,126.605,0.008457211752006139,"[105.944, 100.408] "
1483,99.472,171.433,0.007225782284867505,"[101.552, 214.018] "
1484,165.317,153.481,0.011856919516819095,"[157.454, 148.035] "
1485,184.017,165.791,0.0033804884198631027,"[157.454, 148.035] "
1486,79.553,195.57,0.009126072595297439,"[101.552, 214.018] "
1487,127.782,192.275,0.004880475162280922,"[101.552, 214.018] "
1488,100.022,193.963,0.01559548335463654,"[101.552, 214.018] "
1489,98.292,220.205,0.011279701413670346,"[101.552, 214.018] "
1490,117.966,128.178,0.008117624245434357,"[105.944, 100.408] "
1491,165.678,150.715,0.012500248442437795,"[157.454, 148.035] "
1492,60.586,181.84,0.0020125606162125736,"[101.552, 214.018] "
1493,96.099,121.221,0.015128416809667995,"[105.944, 100.408] "
1494,104.258,103.962,0.025718606146191272,"[105.944, 100.408] "
1495,183.655,152.745,0.0040205322955589,"[157.454, 148.035] "
1496,104.12,193.598,0.016176796598265528,"[101.552, 214.018] "
1497,112.376,200.25,0.01069808091084832,"[101.552, 214.018] "
1498,121.172,115.09,0.010498333861924414,"[105.944, 100.408] "
1499,93.794,77.314,0.009059345589655533,"[105.944, 100.408] "
